video_timestamp,shoulders_angle,head_right_shoulder_angle,cervical_spine_angle,head_pitch_yaw_angle,eye_ear_dist
0:00:00,58.63878498591575,63.883980994413434,88.79517250085928,71.459010840986,0.34740216185303124
0:00:00.033333,58.81652761634046,63.05622691146675,89.28756610193594,68.67970840361751,0.34505770847664846
0:00:00.066667,59.105253086832256,62.01759335087089,89.78321515268229,67.84695607763233,0.3429197491894406
0:00:00.100000,59.286874084865765,61.51235811736827,90.03103030898048,67.69785639339702,0.3418107675103488
0:00:00.133333,59.362180331390036,61.401737391129295,90.27882672925375,67.77008232580025,0.34101435369478056
0:00:00.166667,59.435367392178286,61.26132093061504,90.03103030898048,67.88811132311099,0.3396984063611475
0:00:00.200000,59.48818001540619,61.14439710614602,90.27882672925375,67.9901172799938,0.3392482382028228
0:00:00.233333,59.50009881344475,61.09792259676319,90.27882672925375,67.8033999996656,0.3391620809044304
0:00:00.266667,59.44698894804632,60.89295189487857,90.27882672925375,67.70714741866088,0.33921341778581854
0:00:00.300000,59.418632694286124,60.65996865953381,90.52230498194216,67.61132030709216,0.3393199913818171
0:00:00.333333,59.43234937762753,60.632607520886204,90.52230498194216,67.60452497467348,0.3392467969884215
0:00:00.366667,59.54374856345779,60.51582816341951,90.76896423919591,67.55192947912123,0.33841237498296034
0:00:00.400000,59.63515865722971,60.29930421582556,90.76896423919591,67.66247215201093,0.3366261631224787
0:00:00.433333,59.61014225304887,60.008106735990985,90.76896423919591,67.63295132838618,0.3359106689091654
0:00:00.466667,59.83473175393111,59.741750827878,91.01557729836782,67.69110962336293,0.33473617889053936
0:00:00.500000,59.982091400063965,59.09208980333041,91.5172003631058,67.78873782768115,0.3334125326910871
0:00:00.533333,60.46387329275807,58.843159663252365,91.53457046770295,67.8872012502669,0.33102516578636915
0:00:00.566667,60.244080144339165,58.918064623539735,91.29254304862363,68.08411545261673,0.3295351546916272
0:00:00.600000,59.971325692867445,58.21545677961569,91.5885562447729,68.41797428785266,0.32782246020404615
0:00:00.633333,60.080206875743,57.62331346926957,92.13632368507322,68.22027898415213,0.3266762105217597
0:00:00.666667,59.83008437497716,57.49474865102571,92.4223204872755,67.86601249132997,0.32642153997386136
0:00:00.700000,59.51553427651933,57.655894428065665,92.18464411431627,67.56976261102284,0.3256759344244137
0:00:00.733333,59.02328107134254,58.203493733324095,92.19700585777895,66.19680740651992,0.32590111800195376
0:00:00.766667,58.151322307070046,58.630097306856804,92.209483419858,66.71026912922072,0.3266958712690727
0:00:00.800000,57.28109771731734,59.106098748183506,92.22207843467864,67.58241919869653,0.32727973755161216
0:00:00.833333,56.42842453904311,59.9272173639365,92.26058500421267,68.43932918847217,0.32768124882682614
0:00:00.866667,56.16181807912074,59.87602557808179,92.00019932179872,68.85841231462626,0.32793460968626775
0:00:00.900000,55.85555073556192,60.13389303372724,92.02409924818583,68.7359275355083,0.3285783701831881
0:00:00.933333,55.56015692336082,60.02016926797353,92.03622375463246,69.02390079177825,0.3299134519246389
0:00:00.966667,55.33955902615195,60.26754028987378,92.04846689899921,68.46911667906201,0.33228154086223144
0:00:01,55.00123919521391,60.8585505473486,92.0859258202222,68.30382557507082,0.3355473516011655
0:00:01.033333,54.921888068234644,61.26104342345023,91.81417579333664,68.83819575828936,0.337771551634961
0:00:01.066667,54.81844363947465,61.61808639461681,91.52957660053508,68.2322815398516,0.3400960307699379
0:00:01.100000,54.818264132253816,61.47242099552211,91.82561468541668,68.50750193915435,0.3409868637390335
0:00:01.133333,55.14395602857082,61.02413738352639,92.11152462089639,68.79676511876767,0.34158694158689884
0:00:01.166667,55.26837144167591,61.24121899772877,91.82561468541668,68.15825330644144,0.3422742217662551
0:00:01.200000,55.40905547969054,61.47745013377849,91.82561468541668,67.34163265035907,0.3427215686472252
0:00:01.233333,55.727530013895866,61.53695919613275,91.53958939874572,66.29502249319877,0.342863327258516
0:00:01.266667,55.87027771158784,61.593233091125,91.26213494267928,65.72127946319931,0.34262889841368993
0:00:01.300000,55.80724600004378,61.452748336802415,91.54970321071025,65.8896196788502,0.34212261352231743
0:00:01.333333,55.58249838440929,61.44776307540714,91.55991957214226,65.76807315818746,0.34141104952769474
0:00:01.366667,55.352592101794556,61.50017304155236,91.55991957214226,65.48968045886166,0.34058975613804787
0:00:01.400000,55.086213139618394,61.52238661028754,91.57024005003058,65.57505366992682,0.3389035714375998
0:00:01.433333,54.82217758856712,61.59728266247058,91.58066624343907,66.08358067392346,0.3365829190693962
0:00:01.466667,54.60681600536058,61.62045388491692,91.29771546240254,66.41139228316153,0.33523140077217667
0:00:01.500000,54.04695688963661,61.54083313142525,91.61259560604678,67.66786276010963,0.33254898745251155
0:00:01.533333,53.32516598269441,61.94367144185744,91.63444126185253,67.24057678501984,0.3297368212035192
0:00:01.566667,52.719969577621114,62.330489531573114,91.66808469930152,66.19669990661673,0.32580688602126845
0:00:01.600000,52.319671478256076,62.822992624258205,91.67954001194336,64.23939995015203,0.3225420962288746
0:00:01.633333,52.188992645003914,62.8449757152052,91.38339150988858,64.30922222691119,0.31941788669121957
0:00:01.666667,52.16912063688505,62.80137588828351,91.06727976814025,64.55158541819888,0.31414798682045
0:00:01.700000,51.557101593964006,63.094363523822196,91.06727976814025,66.73668867156881,0.31368348427708326
0:00:01.733333,51.46279499858675,63.17846162089961,90.74797363068059,66.22163988832149,0.3136326300154847
0:00:01.766667,51.571789452787144,62.808594809359334,91.0429754971779,67.46218467773043,0.3120169222614662
0:00:01.800000,50.941000440234085,63.13026316399955,90.7289334354195,69.98408252710406,0.3176528682580468
0:00:01.833333,50.761366955907775,63.047186496935325,90.72271886937348,72.75190395914596,0.3216412186304969
0:00:01.866667,49.576063987853246,63.67108234170003,90.42132964189153,72.07802402624934,0.3346047079461999
0:00:01.900000,49.24272063736723,64.00751310608874,90.41676367570548,72.59675118329785,0.3399462987991376
0:00:01.933333,48.75034199383405,63.81164050562588,90.70445744325755,72.52442257167922,0.3499224950791041
0:00:01.966667,48.794790393771486,64.25294016635213,90.40777148478804,71.45269426540928,0.3582114499551024
0:00:02,48.00374033391944,64.17149193587392,90.96009386358756,71.1713329034117,0.3762563669154105
0:00:02.033333,48.016291478560106,63.955804767572324,90.92535895015406,69.66534195173834,0.39707756382359993
0:00:02.066667,47.431777617169836,64.55322257873544,90.8922771198581,68.38715587178153,0.43319196752431105
0:00:02.100000,46.92622937221873,63.51095955513668,91.37346292611858,76.66603872077124,0.46867472145319605
0:00:02.133333,47.10897870178509,60.8401939615732,93.12523138598695,77.40934767061735,0.5050212590578427
0:00:02.166667,46.58587810188917,60.57107046732795,93.34666485092572,75.1184994190728,0.5399109726496307
0:00:02.200000,45.96247006446001,61.14533515938036,93.06185784157876,75.49390891098551,0.5771040004576552
0:00:02.233333,45.6645390370997,62.83263468973002,92.28325993287713,74.20011300758885,0.6191430799627295
0:00:02.266667,44.73865330177777,63.438614959357096,91.99076731096352,75.98565682863348,0.6633101638200425
0:00:02.300000,45.09156624416153,62.818415080979065,92.15697152691857,81.14068486308294,0.6830695014480116
0:00:02.333333,45.44751565507196,63.75650339949053,91.44262832293917,83.94992956123083,0.6924397834293955
0:00:02.366667,45.36676771643767,62.53115468038689,92.38301918345984,84.16673327107608,0.6984507164773812
0:00:02.400000,45.809386945691614,62.666457430327604,91.87974684082958,82.72800487117406,0.6961156231125678
0:00:02.433333,45.882370447837864,62.712054805379516,91.8701495887651,82.9061285679631,0.691919099704947
0:00:02.466667,46.419300658351375,63.00989005342083,91.62832708771856,82.7442552395776,0.6860237906611173
0:00:02.500000,45.76729666046936,64.26149370349478,90.93103002764008,86.05660258877748,0.6780722440273379
0:00:02.533333,45.72674769978341,64.66530834520071,90.69849447644178,80.93855995874688,0.6511434888419689
0:00:02.566667,45.81938838941822,64.89096767572272,90.23331493069603,78.47810065796864,0.6050004860492862
0:00:02.600000,46.63823418195938,63.93200256829072,90.7080646576816,77.03559176497362,0.5540361758845375
0:00:02.633333,47.10826684762569,64.38219071156534,89.77190379276149,76.90583349912471,0.5141857099705816
0:00:02.666667,48.06548704125643,63.69585315499606,90.00840881433527,77.75702493489486,0.478442868799762
0:00:02.700000,49.02812425616813,62.502798969330755,90.4932836366665,76.95263342180948,0.4467204517523896
0:00:02.733333,48.86376643441083,63.14013804517938,90.02675776570088,74.8177427842592,0.4245769910243807
0:00:02.766667,48.826041288181486,63.41812538735152,89.78985322256553,72.64541184913351,0.4098942225539613
0:00:02.800000,48.89135945875085,63.63226064801343,89.79447975204948,72.68607346067932,0.39678837217670737
0:00:02.833333,49.46984384120876,63.5309303327992,89.79927763087068,71.51920454994524,0.3845607216673945
0:00:02.866667,49.56128395145579,63.449446541574666,89.80299429499632,70.12511404241502,0.3763986103287214
0:00:02.900000,49.48404020731099,63.58462775344062,89.80811581886053,71.01574330788152,0.3645219768661713
0:00:02.933333,49.26162849518254,63.77682754933696,89.8120874830046,71.48079011494063,0.35636321718085134
0:00:02.966667,51.41744285377144,63.43892537791022,89.5353906273091,73.49196751216842,0.33077443774156245
0:00:03,52.84709377817714,63.114707905958994,89.5353906273091,73.7666822369594,0.3175425132951701
0:00:03.033333,53.77675685998163,62.609003934568385,89.82472824370711,73.58741061817177,0.3060521352107844
0:00:03.066667,53.57429247871732,62.92472964509626,89.5353906273091,72.14800704425015,0.3005659274899783
0:00:03.100000,52.94101321567023,63.033857279386595,89.83538785727204,71.73516893881194,0.2956124141315836
0:00:03.133333,52.48174862276479,63.027939031584346,90.13854271771042,72.30930507156253,0.29331812400937024
0:00:03.166667,52.14279848259641,62.77756207884365,90.14499305293059,73.47817922284344,0.2934562851885759
0:00:03.200000,51.44747214237624,63.29484019848011,90.15158283873319,72.23481783233349,0.2987825396779224
0:00:03.233333,51.113264491869316,63.756006403637386,90.15831664655205,70.4341728002953,0.30239748576256886
0:00:03.266667,50.83932930398347,64.23522848422844,90.16173904222492,69.99333883123832,0.3052171598549228
0:00:03.300000,50.84708842415322,64.27239771723022,90.16519924983312,70.38211082567469,0.3066221755900387
0:00:03.333333,51.145719502166436,63.89608819271589,90.16869789947273,71.92376191959814,0.30801629949399195
0:00:03.366667,51.83322357794839,63.77379969308654,90.16173904222492,70.84113216156857,0.3100158828752628
0:00:03.400000,52.383785573256795,63.078565988553535,90.78793623221888,71.98953176026266,0.3092401023722708
0:00:03.433333,52.93679289829962,62.852623146086565,90.78109390586077,72.42584649266452,0.3084563114399181
0:00:03.466667,53.04877975714405,62.71772806713883,91.09238031550053,72.93271278043204,0.30898668829173237
0:00:03.500000,53.04409697501743,62.734087874734485,91.08392258935554,72.54353424133363,0.3104546471635953
0:00:03.533333,53.20496917757603,62.56100783565394,91.08392258935554,72.37861609305084,0.31117345402222024
0:00:03.566667,53.247472565797736,62.54808329368817,91.08392258935554,71.86818621008443,0.3115652052324644
0:00:03.600000,53.22646540851911,62.22511184854362,91.39342789903242,72.30487613243527,0.3118313862898642
0:00:03.633333,53.38727227348539,62.23940260488557,91.38339150988858,71.92668048456463,0.3123710686365784
0:00:03.666667,53.27012081361484,63.04757332687929,90.76100816052428,70.53751041148469,0.3132617512455631
0:00:03.700000,52.978965294301574,63.51261188268154,90.7544560598577,70.39152464878504,0.3147975323619051
0:00:03.733333,53.096009316570495,63.15156277212884,90.44488790247392,71.042003035129,0.31588175614911
0:00:03.766667,53.11029864813856,63.11032563337551,90.44488790247392,71.24386428178647,0.3159263872806368
0:00:03.800000,52.97774950039084,63.12827368379283,90.44488790247392,71.16536007444121,0.31634965057734427
0:00:03.833333,52.629645197340764,63.29798270153842,90.7415597677618,69.48292400636926,0.3197063952497585
0:00:03.866667,51.80361783297363,63.95795976979505,90.14175073211497,65.13218058242995,0.32784758587333085
0:00:03.900000,51.4486408601221,63.923895359602774,90.13854271771042,64.6929548527905,0.330316565095865
0:00:03.933333,50.808746090869526,64.12920177295103,90.44007655784115,64.3738833746572,0.3325877741983415
0:00:03.966667,50.275438407924476,64.20628640112574,90.44007655784115,64.66856529680642,0.33443188213384395
0:00:04,49.732482512319514,63.9314932636077,89.83697511465796,67.15320095403587,0.3340862686821615
0:00:04.033333,49.68825185521583,63.9560356426118,89.83538785727204,66.85672218446561,0.33485609784303777
0:00:04.066667,49.8813737023661,63.44083080260134,90.13536846811746,66.60552681647324,0.3331327230392193
0:00:04.100000,49.32456135896159,63.749462006814696,90.43531584625111,65.25124694175477,0.3367501139348871
0:00:04.133333,49.45059505899174,64.00045880409536,90.43060497268405,64.28282532824937,0.3379086904025764
0:00:04.166667,48.98511896903643,64.18338049353545,90.42594315867628,64.87746390198875,0.34274509979581413
0:00:04.200000,48.436282711553474,64.41078043264429,90.11998551388413,66.44639266788238,0.3476905428473856
0:00:04.233333,48.21884876739119,64.44822718012063,90.11998551388413,66.98586479828434,0.3491227093897013
0:00:04.266667,47.61325715589249,64.72721051994833,90.11700309446451,69.04038131280437,0.3545708088062064
0:00:04.300000,46.790617133776294,64.79100321532295,90.11700309446451,70.63041582701824,0.3593804146779564
0:00:04.333333,46.66411023296081,64.84085757670391,90.1140509502782,69.97523693304716,0.36166900277365754
0:00:04.366667,47.03297251400762,64.38891132349988,90.39896091217099,70.96130431595626,0.362040151659418
0:00:04.400000,47.05027338592433,64.39387060185413,90.39462202202179,71.3923942566981,0.36378762841706275
0:00:04.433333,46.81231831240336,64.40300128747656,90.39032651096458,70.98776162559466,0.3666226483301664
0:00:04.466667,46.3946042747105,64.45107829416857,90.38186304991663,71.29214137300399,0.3706319282181437
0:00:04.500000,46.02808478650471,64.8379842848083,90.38186304991663,70.61197292954444,0.3742810771051395
0:00:04.533333,45.893135869389816,64.8841791786975,90.09972862282446,70.38478954187308,0.3759483432298835
0:00:04.566667,45.94704859447292,64.72538146771517,90.09972862282446,70.84034722239107,0.3751387487519112
0:00:04.600000,45.99872743857245,64.79985458427319,90.09694881302418,71.04452234033602,0.37452965679598715
0:00:04.633333,46.1291140535031,64.71000112390088,90.09419625362898,71.09578194874265,0.3742674061293436
0:00:04.666667,46.230774308226174,64.6034988261247,89.8148001540317,71.17912197665444,0.37409735066306266
0:00:04.700000,46.19126467227029,64.87152796795495,89.8134372024048,71.1653214111188,0.3739091952419507
0:00:04.733333,46.28180781218476,64.71052320932162,90.09419625362898,70.81832782482495,0.37382810740670824
0:00:04.766667,46.372052940661845,64.54867519606293,89.8134372024048,70.58527890381373,0.3738854983598235
0:00:04.800000,46.57800027467821,64.29121842540847,90.08877129885332,70.73576625394713,0.37432338365444906
0:00:04.833333,46.87926260152113,63.98784193317131,90.08877129885332,70.4980838307183,0.37308573211572904
0:00:04.866667,47.247602130903715,63.69048626293269,90.08609812903865,70.04868349308343,0.3720276773428038
0:00:04.900000,47.53244139234637,63.401164691545155,90.08609812903865,69.90902358298021,0.37032393228561655
0:00:04.933333,47.812018279067125,63.24732255470146,90.08345066039215,70.34455162191428,0.3693182185178067
0:00:04.966667,47.984039356395655,63.177380771899,90.08345066039215,70.57082395792004,0.36859545970838564
0:00:05,48.18168525339091,63.07240199603146,90.35744901214726,70.78956639424575,0.3678685805678488
0:00:05.033333,48.332681538577546,63.00617766281899,90.35744901214726,70.99412625650866,0.36783948121978
0:00:05.066667,48.58658282248344,62.955951249506725,90.35351625991689,71.12619429291469,0.3682464735069067
0:00:05.100000,48.77080694534243,62.79538929250577,90.34962095479071,71.25293417806132,0.3684904796726156
0:00:05.133333,48.86022169178849,62.767987766842516,90.62097363828404,71.16089329576408,0.3688294317434026
0:00:05.166667,48.992873697443336,62.731564189982564,90.62097363828404,70.9638356380125,0.3688776195455708
0:00:05.200000,49.07991128262342,62.85267428654968,90.61582993031624,70.3407988305342,0.36899034981710677
0:00:05.233333,49.19461434987719,62.94946125832835,90.61582993031624,69.82722474325615,0.36865356074773525
0:00:05.266667,49.25237162585344,63.34822245504791,90.34194056677549,69.4245621289888,0.3682431703848581
0:00:05.300000,49.55574031095316,63.50282938013853,90.07311052445115,69.06535502409287,0.36745146460765277
0:00:05.333333,49.74936701933192,63.61606580763487,90.06808539883603,68.77561340513907,0.3673005344925105
0:00:05.366667,49.918134987235305,63.640781607778905,90.06560789199185,68.74114954099612,0.36720027928248583
0:00:05.400000,50.15616580888534,63.54462515943918,90.06808539883603,68.61883167182414,0.36658825000678585
0:00:05.433333,50.51202223715275,63.357836954168235,90.06808539883603,68.87466748234395,0.3649552389613168
0:00:05.466667,50.76555321579259,63.17214672813217,90.33068785245108,69.18533595360798,0.36369109757399604
0:00:05.500000,50.99502933089403,63.05762215098595,90.33068785245108,69.21775559052797,0.36249980697098777
0:00:05.533333,51.27563555215441,62.79936250111479,90.60068713678272,69.12882255997002,0.36176884746849064
0:00:05.566667,51.392407930227996,62.8583439701554,90.33440370893986,68.5544266061059,0.3615264715047138
0:00:05.600000,51.43883697037963,63.092530422564856,90.33440370893986,67.36425821527361,0.36184131331168246
0:00:05.633333,51.36057056807658,63.33263996666518,90.33440370893986,66.13508123679561,0.36230492784210394
0:00:05.666667,51.269130971642944,63.20467159163201,90.60068713678272,65.80728048818142,0.36295267467639114
0:00:05.700000,51.216194125404506,63.3534775930269,90.33815444921214,64.26526904582167,0.36570341951305757
0:00:05.733333,51.2117032674137,63.703065648134235,90.33440370893986,63.05740645171957,0.36836293022273514
0:00:05.766667,51.19433742895512,63.88308865675084,90.60068713678272,63.388804092451984,0.37025966767602775
0:00:05.800000,51.1549104972883,64.04392208830362,90.33068785245108,63.52636056509812,0.3712532483727014
0:00:05.833333,51.07385293011497,64.20270447363875,90.33068785245108,63.65138791986787,0.37201123855517176
0:00:05.866667,50.98833235331879,64.57165096146608,90.06808539883603,61.98417365217447,0.3736982496944601
0:00:05.900000,50.92227692619244,64.99923369236068,90.06808539883603,59.55845302719584,0.3769686200766712
0:00:05.933333,50.80892577004199,65.2028545601682,90.06808539883603,58.868277601843964,0.3801610651116903
0:00:05.966667,50.75625407843705,65.44364438971014,90.33815444921214,58.17687806853484,0.3828537982754891
0:00:06,50.68416309235247,65.67845399460504,90.33440370893986,57.867503484201386,0.3850716609689147
0:00:06.033333,50.52516211597795,66.14930171631072,90.06808539883603,56.80200829380887,0.3867997068365486
0:00:06.066667,50.43700497142673,66.33437565438678,90.33440370893986,56.106320308269154,0.38772866088100555
0:00:06.100000,50.54083208223052,66.3356974415916,90.33068785245108,58.706665481917,0.38837903932360013
0:00:06.133333,50.621661003971724,66.53746449951845,90.06315332305012,61.747673558327506,0.3865079755113576
0:00:06.166667,50.75060199041638,66.58184048917258,89.79927763087068,63.86638681335894,0.3863714489166366
0:00:06.200000,50.86951159187987,66.50201393107517,89.79806157898597,65.22998940520966,0.38679976567904395
0:00:06.233333,50.97857281275347,66.46224632894445,89.79806157898597,65.94376293529086,0.38707183950547946
0:00:06.266667,51.03691171369863,66.52545422198288,89.79806157898597,66.47815224509345,0.3880358693337941
0:00:06.300000,51.22120427372045,66.49802341883468,89.79685668330475,66.63895976629678,0.3875696037688266
0:00:06.333333,51.40962234979233,66.49776708164177,89.79685668330475,66.43811692521105,0.3873855064483082
0:00:06.366667,51.64227231823726,66.46098719939113,89.79685668330475,66.22986461716323,0.387231382917292
0:00:06.400000,51.940222847146416,66.45985435472446,89.79685668330475,66.02899789736459,0.38574156465880244
0:00:06.433333,52.23568896722125,66.33000558959132,89.79685668330475,65.89029289134876,0.3843406563135609
0:00:06.466667,52.58753437615684,66.21047679654023,89.79685668330475,64.20316284464485,0.3829497645342482
0:00:06.500000,53.113868621562574,66.21025943806785,89.5353906273091,60.774641074526414,0.3802718771595842
0:00:06.533333,53.36427295733397,66.72623444729692,89.27747383551112,57.76232103876459,0.37823141870572086
0:00:06.566667,53.67612716921365,66.75110449173883,89.02189100575534,57.02969115850956,0.3763782272851135
0:00:06.600000,53.97229532166502,66.4287659657773,89.2809280320527,57.032107114764415,0.374001456414643
0:00:06.633333,54.19263654620134,65.63245789561108,89.27978695944459,59.21652810060606,0.36909174697219505
0:00:06.666667,54.32263959547101,65.27322268464661,89.2809280320527,60.00360127021935,0.3665321005390538
0:00:06.700000,54.52404802178928,64.73974012502731,89.2809280320527,60.47336017699416,0.36273100079237136
0:00:06.733333,54.528717094237855,64.536551083083,89.28205896199441,59.73683383845215,0.36000207162433995
0:00:06.766667,54.56116998656135,64.37100081901684,89.28205896199441,58.8967583451703,0.35858665627234493
0:00:06.800000,54.51352658900209,64.41130776349752,89.28205896199441,57.717335916426215,0.3587964739049745
0:00:06.833333,54.4918697177797,64.43038338461162,89.03097901588241,57.45879775829879,0.35895019644908593
0:00:06.866667,54.436201211336346,64.54090482008519,89.03097901588241,57.055221313794995,0.3595062394460317
0:00:06.900000,54.490222433207535,64.5038408820929,89.03320097822488,57.51940523413575,0.35944123294805325
0:00:06.933333,54.62163567867901,64.52377474993386,89.03320097822488,57.40481958694642,0.3595118630507642
0:00:06.966667,54.74549776881996,64.48785069406955,89.03320097822488,57.493201140026855,0.35926910441240045
0:00:07,54.95054442723411,64.4141393935252,89.03320097822488,58.122234130874105,0.358050735888435
0:00:07.033333,55.09745374598835,64.35114126746493,89.03320097822488,58.55196976335004,0.35730036076862626
0:00:07.066667,55.179213323312084,64.33915688223254,89.03320097822488,58.74196260001221,0.35699350376166306
0:00:07.100000,55.19348458730583,64.34953591859806,89.03320097822488,58.83322663491581,0.3569452053447784
0:00:07.133333,55.18268103942023,64.37493315644673,89.03320097822488,58.931419808637514,0.3566920924998905
0:00:07.166667,55.181824020009174,64.35446254062396,89.03320097822488,59.38928760030957,0.3562855958331237
0:00:07.200000,55.11587948162904,64.4483888105193,88.78543390536203,60.008914101952136,0.35583084388104996
0:00:07.233333,55.087381474524314,64.42763049666917,88.78543390536203,60.51039435649286,0.3554585985552326
0:00:07.266667,55.05966696096046,64.30437634019665,88.78543390536203,61.35956166565107,0.35489252433083635
0:00:07.300000,55.031168137246354,64.35785974509179,88.78543390536203,61.72722611428093,0.35466919613315967
0:00:07.333333,55.05840393485869,64.36536935858021,88.78543390536203,62.02527119880426,0.35396985184994945
0:00:07.366667,55.13261039356641,64.32287954686711,88.78543390536203,62.58560923722651,0.3529895844456453
0:00:07.400000,55.22597886044968,64.03235249602034,88.78543390536203,63.857203350475494,0.3512213145159696
0:00:07.433333,55.286244657681884,63.62620737053999,88.78543390536203,65.59512811039905,0.34974226204271275
0:00:07.466667,55.30224804115273,63.34553284036963,88.78543390536203,66.6582981179983,0.3485052723389571
0:00:07.500000,55.323597895313526,63.13022604905041,88.78543390536203,67.4370066486501,0.3476529143828098
0:00:07.533333,55.27235976554304,63.02882620019716,88.78870845008181,67.8328159889038,0.3476691806801188
0:00:07.566667,55.36846251772153,62.813795417107485,89.03758669002879,68.08820911412981,0.3477710255899747
0:00:07.600000,55.39041142568006,62.621894650785066,89.03758669002879,68.61961820292532,0.3473256753345159
0:00:07.633333,55.44926113595171,62.42581397936317,89.03758669002879,69.12823263967937,0.34691136684881974
0:00:07.666667,55.560782774703014,62.14223729485451,89.28648391249594,69.65130598801628,0.3461721604175217
0:00:07.700000,56.04749303839788,61.1948730829493,89.28648391249594,72.21165927039789,0.34076992646021476
0:00:07.733333,56.53276120542023,60.49862593299258,89.03758669002879,73.17849107166259,0.33518619748267775
0:00:07.766667,57.117890744666,59.92888522140623,89.03758669002879,73.1486468362518,0.3300283675332282
0:00:07.800000,57.539902017437164,59.58270444259904,89.03758669002879,72.4799513815012,0.32635533077916185
0:00:07.833333,58.0043494043451,59.390947317839846,88.78870845008181,71.81787052490198,0.3229741075433477
0:00:07.866667,58.06347798009353,59.512328210469946,88.78870845008181,71.44220656812259,0.3219092591624088
0:00:07.900000,57.94622837029475,59.89880489941902,88.53549320403717,70.88117618322029,0.3207310627935041
0:00:07.933333,57.93644299882009,60.0014599448383,88.53549320403717,70.78924432409534,0.31987082581456444
0:00:07.966667,57.86732327190627,60.01726902266489,88.53549320403717,70.83656221277933,0.3199814161512029
0:00:08,57.83385161947053,60.10071907518653,88.2855909516775,70.65999602373527,0.3201695661584966
0:00:08.033333,57.445668580819266,60.474702821606,88.28008700236957,70.61864330433592,0.3210193984337944
0:00:08.066667,56.71226534211253,60.96886023874055,88.53108927914444,71.17368594634576,0.32223054537838813
0:00:08.100000,56.01598144984226,62.60348117219752,88.5266463936162,65.90878075195077,0.32796951860566215
0:00:08.133333,55.483278182699834,63.827598272253226,88.5266463936162,61.92967604862542,0.3332255851223323
0:00:08.166667,55.32420370792697,64.48782059881302,88.77543565954281,59.15242481587926,0.3364505863520995
0:00:08.200000,55.20470261153533,64.942103327165,89.02873730431712,58.435310791790855,0.336333783987963
0:00:08.233333,55.17068635767907,65.14566419036953,89.28317988390337,58.75874503311601,0.3373453111335191
0:00:08.266667,55.280870066286575,65.14385125975036,89.28317988390337,60.037721929818574,0.337583555566976
0:00:08.300000,55.3466610218996,65.31049833662604,89.2809280320527,60.27460187674574,0.33806418345315314
0:00:08.333333,55.595505945861504,65.1838628787678,89.28205896199441,60.99582353424999,0.33769825576714324
0:00:08.366667,55.99470550813177,64.90620719823676,89.5353906273091,61.53666070251305,0.3368472967494514
0:00:08.400000,56.49159808840378,64.47563788468695,89.5353906273091,61.71579327668113,0.33488979007599423
0:00:08.433333,56.916887763527114,64.1840414530043,89.5353906273091,61.42669747234612,0.33370473326283234
0:00:08.466667,57.07337234811932,64.01488718615087,89.78985322256553,61.551105361309794,0.33303702240835387
0:00:08.500000,57.14794205983517,63.938071647880996,89.78985322256553,61.35493126720675,0.3326686777812226
0:00:08.533333,57.46697982143766,63.64505102515657,89.78985322256553,60.76298038028279,0.33250701158342255
0:00:08.566667,57.65948837997655,63.40343339102522,89.79099429517362,60.313002521669965,0.332364470460853
0:00:08.600000,57.71683197472158,63.345464933948385,89.79099429517362,60.31180318873899,0.33215090569141514
0:00:08.633333,57.73544459711623,63.319924541044166,89.5353906273091,60.49034009267493,0.33176635459548576
0:00:08.666667,57.80391622708035,63.068159335995595,89.5353906273091,61.34243218529611,0.3307291397555448
0:00:08.700000,57.871156581015995,62.75638989104821,89.5353906273091,62.29903424772258,0.3284829369971006
0:00:08.733333,57.86273168628369,62.60948161616716,89.5353906273091,62.13856440967267,0.32668818604889666
0:00:08.766667,57.858693079335055,62.515788172100315,89.5353906273091,61.97846422833947,0.3254809097018029
0:00:08.800000,57.70777099932843,62.53067640688979,89.5353906273091,61.95134866366042,0.3256337457773713
0:00:08.833333,57.60271716541683,62.57062181479991,89.5353906273091,61.57233537333562,0.32551017280879413
0:00:08.866667,57.512477128844125,62.64420131736365,89.5353906273091,61.44329476964176,0.32545047647138126
0:00:08.900000,57.80537982533523,62.604917680565045,89.5353906273091,60.797233551545354,0.3246655511115522
0:00:08.933333,57.97861032576678,62.571319198395955,89.5353906273091,60.533094111850865,0.32400259127861225
0:00:08.966667,58.023103024682754,62.57217713564565,89.5353906273091,60.4716918513093,0.32401469463407
0:00:09,58.17707899399567,62.5276555962211,89.5353906273091,60.9481311971212,0.32440038876713445
0:00:09.033333,58.37753846901189,62.49037737240888,89.5353906273091,61.679445760709775,0.32504639009152003
0:00:09.066667,58.50446735210108,62.61812537160396,89.5353906273091,61.471312546823825,0.32647863289164314
0:00:09.100000,58.492406642407985,62.65130165091512,89.5353906273091,62.950075971971295,0.32905850291770544
0:00:09.133333,58.39609205947207,62.80595432078089,89.79099429517362,63.77302043134991,0.3318807348111891
0:00:09.166667,58.30678747626121,62.94119214319858,89.79099429517362,63.798201178798124,0.33272013500531283
0:00:09.200000,58.15975906632587,63.07807012225133,89.79099429517362,63.88656377923741,0.33320293170486764
0:00:09.233333,58.021607433638756,63.27698483315746,89.79099429517362,63.967984754971035,0.3336559572260938
0:00:09.266667,57.9068381560522,63.38056327391928,89.5353906273091,64.30348013658427,0.33386977010539304
0:00:09.300000,57.88715227510571,63.397901808598164,89.5353906273091,64.5885478265033,0.3337874488425461
0:00:09.333333,57.877369727566325,63.42576080022611,89.5353906273091,64.90836908504184,0.3335744838489473
0:00:09.366667,57.8729366199515,63.483561349624516,89.5353906273091,65.18061572672167,0.3338010150188488
0:00:09.400000,57.88069583298679,63.55133872703733,89.5353906273091,65.15198038316365,0.3338643846210004
0:00:09.433333,57.86630313173182,63.66326996510727,89.5353906273091,65.01250692234855,0.3340779175062618
0:00:09.466667,57.88661220048962,63.73274607832093,89.5353906273091,65.15652861650983,0.33420511771784644
0:00:09.500000,58.064252189444645,63.684310217936954,89.5353906273091,65.13170022116294,0.33432742657591347
0:00:09.533333,58.22740424745465,63.7174693455857,89.5353906273091,65.15224741533407,0.33465863260943485
0:00:09.566667,58.24548498139114,63.77266105540747,89.5353906273091,65.15684174860573,0.3350076506099506
0:00:09.600000,58.297181413611504,63.88613963815237,89.5353906273091,64.65993793090328,0.3355041111979893
0:00:09.633333,58.349263664133694,63.97918280793169,89.5353906273091,64.26522346120785,0.3358830542908735
0:00:09.666667,58.32741059956083,64.02254821397781,89.5353906273091,64.29190579714646,0.33610533072986976
0:00:09.700000,58.48040359288145,63.99980755872406,89.5353906273091,64.13570108968165,0.33548929607361705
0:00:09.733333,58.615012061695474,63.933729678167936,89.27978695944459,64.03640185741524,0.3349189415834976
0:00:09.766667,58.8172804343082,63.8707611622429,89.5353906273091,63.976822213419155,0.3342975263005519
0:00:09.800000,58.9089586676122,63.7987329079088,89.5353906273091,64.15236429673058,0.3339679014827332
0:00:09.833333,59.03217462892652,63.64621314551658,89.5353906273091,64.40232988301527,0.33378906467498853
0:00:09.866667,59.141569431605745,63.45137416698198,89.5353906273091,64.66104860176216,0.333624258163726
0:00:09.900000,59.044669047233484,63.461977629771354,89.5353906273091,64.7583195851605,0.33402410353184464
0:00:09.933333,58.966838996127834,63.381388932888306,89.5353906273091,65.0235482717318,0.3338643643303386
0:00:09.966667,59.023726094978045,63.223340162339724,89.5353906273091,65.25478581305406,0.3332562650654151
0:00:10,59.134946572703655,63.03907303675298,89.5353906273091,65.28066677788655,0.33232131440445384
0:00:10.033333,59.18696124603962,62.9246771679897,89.5353906273091,65.5388298926579,0.33191264477630744
0:00:10.066667,59.23081115180422,62.843659719847324,89.5353906273091,65.36763547740578,0.3309957394792003
0:00:10.100000,59.19671134736992,62.495058193627415,89.5353906273091,65.54518163385208,0.32994944289690853
0:00:10.133333,58.86487360776068,62.33263695461443,89.5353906273091,66.16535516240212,0.3305746169268052
0:00:10.166667,58.516616897837864,62.35034375186808,89.5353906273091,66.33784918145275,0.3323209398381938
0:00:10.200000,58.28925220200761,62.283500701712455,89.5353906273091,66.02123215532617,0.33341411337267857
0:00:10.233333,58.058489280754785,62.24805298981363,89.5353906273091,65.5674548225148,0.3328114899643645
0:00:10.266667,57.74163262724916,62.299690545368435,89.5353906273091,64.94998485335688,0.3336667888390298
0:00:10.300000,57.46478371996106,62.415013955816505,89.28205896199441,64.65504480280548,0.33500253429750454
0:00:10.333333,57.12799587819129,62.5911986301773,89.28205896199441,63.988511934760915,0.33636516781154047
0:00:10.366667,56.51206110358537,62.885492862941476,89.28205896199441,63.037289103925886,0.3389676850148429
0:00:10.400000,55.89432193875083,63.24932147841287,89.5353906273091,62.35859407899022,0.3411439374037039
0:00:10.433333,55.433728959095305,63.57320382166512,89.5353906273091,62.514015671635825,0.34167732725581484
0:00:10.466667,55.18109374844177,63.70795445246904,89.5353906273091,62.622638980429564,0.34194998280045963
0:00:10.500000,55.0279670620941,63.62359355875918,89.5353906273091,63.27403656654858,0.34123726725225184
0:00:10.533333,54.937773632009375,63.28488460481208,89.5353906273091,64.28674723284014,0.3405121816278088
0:00:10.566667,54.80790838268151,62.72117129348397,89.5353906273091,64.54995984511098,0.34022159926132894
0:00:10.600000,54.60293792301396,62.36210244985827,89.79566279100658,64.58701731783269,0.34006733494545766
0:00:10.633333,54.41515830882794,62.20495796636478,90.05831173638038,64.57828310585386,0.3399604004494901
0:00:10.666667,54.141607926666985,62.1965257845117,90.06072137493317,64.60296106243774,0.3401662256337124
0:00:10.700000,53.436706609287654,62.264049020711184,90.33068785245108,64.92239179469394,0.34174739001116344
0:00:10.733333,52.86338450229644,62.2827140849267,90.33440370893986,65.01073053721355,0.34311424440397253
0:00:10.766667,52.57269636716079,62.096397112163054,90.33815444921214,65.2803700464964,0.3437330188046822
0:00:10.800000,52.32148502544292,62.03832657507859,90.34194056677549,65.6106250586619,0.34403659960872746
0:00:10.833333,52.14290266583616,61.9805516530453,90.61073473054435,66.2689934267043,0.34446148785251024
0:00:10.866667,52.05715326777676,61.728999282565226,90.61582993031624,67.02115229491464,0.34478988818157785
0:00:10.900000,52.01302573263139,61.62754274232992,90.88584879012332,67.59587764033277,0.34537668998947124
0:00:10.933333,52.10258056225402,60.76363317745783,90.8922771198581,68.29916234066778,0.3457024686579792
0:00:10.966667,52.14816343641824,60.34701096000745,91.44376816336137,68.71170714220716,0.346426943894912
0:00:11,52.04080912641057,60.180637172679845,91.17916556896289,68.75571859105705,0.34747156651861594
0:00:11.033333,52.0712952953473,59.899022187731134,91.45293615115023,68.39487908802097,0.3475845697862491
0:00:11.066667,52.14058796799777,59.722927617344055,91.73719339754206,68.17349885055076,0.34759204513650144
0:00:11.100000,52.214171495391305,59.262779208731686,92.01209166462637,68.22043655480563,0.34750931677844654
0:00:11.133333,52.078264161544034,59.250787388382655,92.02409924818583,68.51709021154211,0.3480055906137713
0:00:11.166667,52.016401194623704,59.124401391530185,92.30021052501097,69.340041012776,0.3478569003885865
0:00:11.200000,51.750415557141004,59.00176267222533,92.30021052501097,70.78256260250504,0.3479029661676484
0:00:11.233333,51.4373182839696,58.98492200035301,92.04846689899921,72.31479464563365,0.34803136654909567
0:00:11.266667,51.14355675887937,59.04013093470917,92.3136761519752,73.04651012361467,0.3486462566724131
0:00:11.300000,51.00700615436796,58.90186192794828,92.32727347996156,73.35117348017481,0.3495649048990603
0:00:11.333333,51.103184361243706,58.4756723159125,92.60594642619394,73.37265309299397,0.35006708022783795
0:00:11.366667,51.26558810205658,58.163835686848564,92.8844725221053,73.36948805721615,0.350262207035325
0:00:11.400000,51.451552975616494,58.29979858620114,92.8844725221053,73.05900659247553,0.35026141106658226
0:00:11.433333,51.47718901094812,58.712151864635004,92.63628831401014,71.96986781460657,0.3499270984460442
0:00:11.466667,51.439999447048606,58.64161177126851,92.93434127578577,72.21540740850394,0.34651349317075
0:00:11.500000,51.1828416792648,58.58046975182457,92.98571575488921,71.80882554283795,0.3442403408852627
0:00:11.533333,51.16632212609381,58.644487572205904,92.74737116292971,70.81324475532983,0.33693468664399373
0:00:11.566667,51.034622607980126,58.36704707627256,93.1118416751691,70.08861444353984,0.33043467745879473
0:00:11.600000,52.20397157761963,58.24154230267991,92.84911272515232,66.66307018050892,0.3178596397518424
0:00:11.633333,52.52226734633449,57.44402640040998,93.24752493736909,68.20351131073197,0.30804264032366774
0:00:11.666667,52.45365036800333,58.21217684665129,92.69880542631496,68.47922514858796,0.3018566933515715
0:00:11.700000,52.69206689252762,58.18435129115802,92.43120175862774,73.25924450642552,0.29058344259511615
0:00:11.733333,52.636429053566985,58.711411934821065,92.1099096612708,74.57895537818538,0.2815729234490207
0:00:11.766667,53.41974169690325,58.04098108071114,92.46423884920961,75.43326389183419,0.2705800966690569
0:00:11.800000,53.60955307662161,57.76191821490916,92.48104144280762,72.85875704877121,0.26447258813533864
0:00:11.833333,53.62345926977864,57.77945220384464,92.51523118178439,73.17182691978763,0.25924007664848203
0:00:11.866667,53.286366640887685,57.51068870391291,92.55022316265514,75.18592788872182,0.2535343825776614
0:00:11.900000,53.585496064086065,56.79437251662466,92.9042435931126,77.67549012181331,0.24278333569422605
0:00:11.933333,53.66413170291177,56.41522204453829,92.92424920790255,78.48845649721014,0.2380337672586607
0:00:11.966667,53.30035215025557,56.618834244867074,92.92424920790255,77.73807733062655,0.2348423800506754
0:00:12,53.2473128021877,56.82804856455596,92.92424920790255,78.01911033896208,0.23413225826413428
0:00:12.033333,53.02160427600817,56.90233397154219,92.92424920790255,78.70099408387398,0.23427265801944633
0:00:12.066667,52.848756018377806,56.55345055308734,93.28446595617639,79.54854574747563,0.23365554479221468
0:00:12.100000,52.74882901924727,56.593255312254556,93.28446595617639,79.53093856700244,0.23479283339579338
0:00:12.133333,52.47150566494251,56.84352710346434,93.30698508009907,77.72030053228603,0.23788973537551525
0:00:12.166667,52.53096922731267,57.278762902287326,93.30698508009907,75.85832795000401,0.24052380454076738
0:00:12.200000,52.70028773200074,57.10778334689376,93.64871747800959,75.7509308936271,0.24252733692875697
0:00:12.233333,52.484340196626306,57.22443595636474,93.62417143775556,75.06647093849207,0.24571650617463073
0:00:12.266667,51.005873380588376,57.504268072932575,93.62417143775556,76.33062109493883,0.25728783534405836
0:00:12.300000,50.634555742349185,57.91742083321981,93.93733289762622,76.0889101191999,0.2659535900441058
0:00:12.333333,50.02484017355657,58.58014431391177,93.88574740577499,75.04152082212349,0.2803041102328757
0:00:12.366667,49.51598116839623,59.39511880302532,93.83535468198674,72.24487731143516,0.29111197204236344
0:00:12.400000,49.09951348602113,61.02196774335805,92.78899522446619,69.14564142604529,0.30467286900794466
0:00:12.433333,47.603800704309855,62.802336947644996,92.1099096612708,66.17948923704503,0.3235370979101022
0:00:12.466667,47.62046834932655,63.15744788992425,92.39890104429153,66.02900837799541,0.32965114353112585
0:00:12.500000,47.44014867409663,63.11269636066433,92.03927335069183,66.4087800226048,0.3397163588808002
0:00:12.533333,47.909256808326504,63.04744574028027,92.01209166462637,68.44624232145627,0.34353120753178523
0:00:12.566667,48.30664871881163,62.47052771614311,91.97240728951124,70.05832135685395,0.3507903878690608
0:00:12.600000,48.17893978481569,62.250666005341536,91.93397385149687,73.80772077030194,0.357221282766395
0:00:12.633333,48.4226364666833,61.57442932490388,91.90901763592865,74.33372124811004,0.3586786688734666
0:00:12.666667,48.545863555709104,62.10338016129898,91.61259560604678,73.2840168961921,0.36270371286544817
0:00:12.700000,48.6912274440353,62.482309733184714,91.60184233842068,74.3422959973484,0.36743247557233955
0:00:12.733333,48.31386184622971,62.808108709070936,91.29771546240254,76.41469910211626,0.37096428314205404
0:00:12.766667,48.915139675773574,62.99423825362887,90.69259202228456,76.1448972939576,0.3760068832209666
0:00:12.800000,49.344312325477695,63.45906873910745,90.40334384180478,75.50201138075626,0.382951268851586
0:00:12.833333,49.84528176719738,63.25913269286385,90.11112862267247,75.93005686003062,0.38713613510488826
0:00:12.866667,49.9371704706672,63.103985695227216,89.81897037716779,75.77527121956649,0.39532899523772824
0:00:12.900000,50.51468197644082,62.40026495053287,90.09694881302418,76.26939491609467,0.3965144361768268
0:00:12.933333,50.78254984341918,62.17649366959531,90.09419625362898,76.38057095222227,0.3967272853978972
0:00:12.966667,51.05541467228185,62.26212505728329,89.81075080406575,75.76636718724218,0.3996855082318898
0:00:13,51.71596252514094,62.97913611054469,89.26525046976951,73.42814795776472,0.404808357623889
0:00:13.033333,52.12920787731654,63.79750181859862,88.73262680540607,71.36588827893965,0.4090046322194611
0:00:13.066667,52.60003752766208,63.43320504153968,89.00517336262637,70.24803343532584,0.41035505399811384
0:00:13.100000,52.43455798221411,64.04559185889252,88.74009340216715,69.99294979497107,0.41328713737698275
0:00:13.133333,52.287376864977695,65.59332248593745,88.21618177607215,70.13588489467526,0.41793810276836413
0:00:13.166667,52.758710079998764,66.40119468851816,87.6888146734829,67.63445623554041,0.421543266140994
0:00:13.200000,53.926878950326206,66.0295694823314,87.6888146734829,64.7783722070143,0.4192162317936762
0:00:13.233333,53.959262372400104,66.2372200801467,87.9669792380382,62.86721369509764,0.42056578011199613
0:00:13.266667,54.604679125111915,66.47364656573836,87.98825936315399,59.94345160219001,0.4183790915211879
0:00:13.300000,56.95711430376518,66.25139913409663,87.74674028143276,58.7326062481361,0.4100577020968677
0:00:13.333333,58.66238256466159,65.14536455062154,88.00896989918245,59.20388943447186,0.40004732961982753
0:00:13.366667,60.77786124580511,64.25019185920678,88.00896989918243,59.88828945856424,0.3848170926564204
0:00:13.400000,62.56831049847106,63.01311554333597,88.51764165435462,61.01628389361403,0.37108275481812675
0:00:13.433333,64.89423152887908,61.47281778552008,88.5266463936162,64.64936396992854,0.35546383983522045
0:00:13.466667,66.20353489787276,61.43346172221891,88.27453436927004,68.78101309304135,0.3457621215380828
0:00:13.500000,68.08402616361954,60.75208774607995,88.27453436927004,73.46577371418212,0.3363981952061752
0:00:13.533333,70.09429045915766,59.918975026619535,88.28008700236957,78.70456894592904,0.328161567881315
0:00:13.566667,71.01325129822493,59.499330221224454,88.02913340749947,82.96850008627905,0.32392795802075025
0:00:13.600000,72.97077262886079,58.51816877650134,88.02913340749947,89.47194210116152,0.31564542954525643
0:00:13.633333,76.14455582255373,57.12376933534381,88.28008700236957,95.85024192761148,0.3071418328501254
0:00:13.666667,77.23789849225967,57.43650379010944,88.28008700236957,94.3840134246214,0.30793464018733363
0:00:13.700000,78.61533196098023,57.090627204926875,88.2855909516775,94.47768827361797,0.3032564203546882
0:00:13.733333,79.95172604224122,56.4939004823558,88.2855909516775,94.10739368789416,0.29576059456314063
0:00:13.766667,81.16093050213857,55.9258016482857,88.2855909516775,95.88562341148697,0.2895711881307305
0:00:13.800000,83.07679795029289,54.93628977086581,88.2855909516775,99.91774660929147,0.28203203285196154
0:00:13.833333,84.18523353346758,54.40824044988153,88.29104685456491,102.2053803975243,0.2782966059957977
0:00:13.866667,85.21140237040899,53.82011232731452,88.29104685456491,103.27845766731348,0.2765709733779804
0:00:13.900000,85.91636225562952,53.37795980574606,88.29104685456491,103.62952766156904,0.27438938515454686
0:00:13.933333,85.95520114113893,53.281293015825156,88.29104685456491,102.30590259490579,0.2736478574210938
0:00:13.966667,86.28777328780778,53.008130784153366,88.53985867848678,101.8819618405577,0.27331117958876516
0:00:14,86.51340571260671,52.75870479449503,88.78870845008181,101.62080334313491,0.2735366070994581
0:00:14.033333,86.66052818926178,52.50405962241217,89.03758669002879,101.71336932579867,0.27356361885219066
0:00:14.066667,86.87209086714407,52.18061398464829,89.28648391249594,101.11248717854915,0.2736228544765016
0:00:14.100000,86.9041373392139,52.04952213947189,89.28756610193594,101.61658123292608,0.2731979218668573
0:00:14.133333,86.92445649023739,52.01570600492255,89.28756610193594,102.10003847062146,0.2724302106659269
0:00:14.166667,86.97907617152775,51.973945650972894,89.28756610193594,102.0849246944616,0.2722893153250519
0:00:14.200000,86.95501142165108,51.961186122833396,89.28756610193594,102.26037790573311,0.2718865369111955
0:00:14.233333,86.98833909717199,51.812637668588195,89.28863892194671,102.64206572182322,0.27173664152909494
0:00:14.266667,86.92184725474038,51.70037981287868,89.28756610193594,103.28980187779082,0.2714501463821261
0:00:14.300000,86.88662073177001,51.70584708779694,89.28756610193594,103.43165383864655,0.2713529900495097
0:00:14.333333,86.8419704896533,51.77306290314789,89.28756610193594,103.61765003142433,0.2714438850386252
0:00:14.366667,86.84070067935586,51.77184628128157,89.28756610193594,103.78793449859877,0.27147571268393833
0:00:14.400000,86.76125639602174,51.77586381117038,89.28756610193594,104.496846704337,0.271619268006897
0:00:14.433333,86.6389818469325,51.79439398944146,89.03975094563772,104.68916048683289,0.27143879205384935
0:00:14.466667,86.64231793324839,51.637312126257655,89.28756610193594,105.17319370027003,0.2706797438618509
0:00:14.500000,86.75240728418083,51.3743860908308,89.28756610193594,105.85282981979698,0.26978645475858287
0:00:14.533333,86.83927367505437,51.237375640270784,89.28756610193594,106.12337694363457,0.2691788635659192
0:00:14.566667,86.92083011157936,51.18383320817486,89.28756610193594,106.10524802039419,0.2685001334832146
0:00:14.600000,86.91994231300583,51.177094986261125,89.28756610193594,105.92269765217712,0.26815729357801515
0:00:14.633333,86.91522640830952,51.18691605703367,89.28756610193594,105.84963703288714,0.2679169713097631
0:00:14.666667,86.98852855544003,51.156099378963745,89.28756610193594,105.96624265283764,0.267508170070951
0:00:14.700000,87.18183573249777,51.092616618941975,89.28756610193594,105.94855254549971,0.26737361816998445
0:00:14.733333,87.3324348876677,50.98791454742661,89.03975094563772,106.46018621667113,0.26756304403158954
0:00:14.766667,87.40045244808867,51.19517117723183,89.28756610193594,107.38575808439954,0.2686926268268146
0:00:14.800000,87.1579324492686,51.71643380093133,89.03975094563772,106.30917828272374,0.2707685722628861
0:00:14.833333,86.98266403992255,51.86728796765033,89.28756610193594,106.13247022818972,0.2713098022881939
0:00:14.866667,86.47756443590316,52.04340491322586,89.03975094563772,105.78553608591712,0.2717226923866628
0:00:14.900000,86.23727092838473,52.06224454227436,89.28756610193594,105.48177911177906,0.27208060365052306
0:00:14.933333,86.15772896730451,52.20967882109886,89.28756610193594,105.72403181316712,0.27297295410774974
0:00:14.966667,86.07849606884297,52.315959997749474,89.28756610193594,105.89635331613806,0.27435088519909656
0:00:15,86.18125357155155,52.255951468329556,89.28648391249594,106.06727035808971,0.27564987559251086
0:00:15.033333,86.31357392780343,52.6172230504813,89.28648391249594,104.95844044216628,0.27828468272995327
0:00:15.066667,86.41254616908319,53.11776110500864,89.28648391249594,103.54826212726992,0.2807218122655696
0:00:15.100000,86.335968630204,53.62532813515435,89.03540345117587,101.91323590230317,0.2844327483075091
0:00:15.133333,86.02989416387099,54.44358872343628,89.03540345117587,98.33468622709825,0.28685212399157867
0:00:15.166667,85.02563913281847,55.889316014311476,89.03540345117587,86.45033301246094,0.2921517912355528
0:00:15.200000,84.17429846797619,56.63350392239414,89.03540345117587,82.6949214822791,0.2931613758390557
0:00:15.233333,83.09586480666157,57.08754179318214,89.03320097822488,79.85249772499519,0.2944707738856984
0:00:15.266667,82.2723088162191,57.627558637531024,88.78213051504407,74.77473178439777,0.29670181310848515
0:00:15.300000,81.82764228963771,58.56694948233928,88.78543390536203,65.04012033255387,0.30155287222573984
0:00:15.333333,81.28628403754297,59.28873033907627,88.78543390536203,59.86465212768126,0.30607016187968966
0:00:15.366667,80.91561452501912,59.64988014038181,88.78543390536203,57.76101323621236,0.31196791522397205
0:00:15.400000,80.40618204699598,60.01425587838395,88.53108927914444,55.36605675358241,0.31587460933855055
0:00:15.433333,80.11829633508147,60.157403012560565,88.53108927914444,55.54552894295432,0.3189212010624478
0:00:15.466667,79.864549358237,60.3255784756895,88.53108927914444,55.42530462581566,0.32051353404039223
0:00:15.500000,79.54133061676269,60.586507238563286,88.53549320403717,54.8820067155044,0.32208844513033497
0:00:15.533333,79.47052363863453,60.639512816675335,88.53108927914444,55.310643944528564,0.32359831874074746
0:00:15.566667,79.27004978558391,60.775683328088576,88.78213051504407,55.468086875762054,0.3256755287898103
0:00:15.600000,79.31402709462496,60.7126690914921,88.78543390536203,56.74226066282187,0.3268006246703474
0:00:15.633333,79.52219038302358,60.590639750313414,88.78543390536203,57.736551403971,0.3276774964255419
0:00:15.666667,79.65861359015706,60.46659307291674,88.78543390536203,59.666897925753794,0.3277015074363196
0:00:15.700000,80.12421186772237,60.04475387654708,88.78870845008181,63.53043987051789,0.3269535159509265
0:00:15.733333,80.82654297256057,59.548144162209496,88.78870845008181,72.67078820322874,0.3256880496500765
0:00:15.766667,81.4397827918002,59.177040948785816,88.78870845008181,78.98251823067135,0.3249776972514878
0:00:15.800000,82.33520131433575,58.68515661273818,88.79195452536447,85.6332054503065,0.3228149342029528
0:00:15.833333,83.08012155493121,58.27600407637078,88.54418620381726,90.58200256658105,0.32208605924389794
0:00:15.866667,83.5459570175152,57.95216145243461,88.53985867848678,93.03061884090329,0.32089560005314877
0:00:15.900000,84.10023135409277,57.670432250734564,88.53985867848678,98.37609676805894,0.32055534796019236
0:00:15.933333,84.51354882575079,57.39733305779981,88.53549320403717,103.98058901787681,0.3206414433922759
0:00:15.966667,84.86585223159283,57.055518452549734,88.53985867848678,108.69989344924237,0.3199679464086048
0:00:16,85.16631691295018,56.77326041983912,88.53985867848678,111.62682886743995,0.3195643009970735
0:00:16.033333,85.29217841603017,56.653304538503164,88.54418620381726,112.5071357168206,0.31958217898689095
0:00:16.066667,85.37443451908312,56.592697773100156,88.53985867848678,112.70755282360794,0.3200225064816909
0:00:16.100000,85.46746395314469,56.68357351661376,88.04877127373624,113.78386557906447,0.3200232643780588
0:00:16.133333,85.42350940353808,56.89453164421343,88.04877127373624,114.2115678249697,0.3199282594344763
0:00:16.166667,85.85117750071025,56.752230397002336,87.80114335028686,114.75850114658061,0.31985346763958716
0:00:16.200000,86.27349516290658,56.68394600089056,87.55358089151241,114.7149027834646,0.31976715431368197
0:00:16.233333,86.69429793810376,56.54044486107273,87.55358089151241,115.01377200654179,0.3191349743274577
0:00:16.266667,86.94572626250302,56.48382315320197,87.55358089151241,115.14963596871199,0.31905066157911016
0:00:16.300000,87.3324117752654,56.33116850650731,87.55358089151241,115.09892082410808,0.3187760845345405
0:00:16.333333,87.65221693243777,56.25447388320367,87.30609320713863,114.93205535042443,0.31837194468974933
0:00:16.366667,87.84022496273923,56.161261906002494,87.30609320713863,115.21856362282465,0.31779703833596495
0:00:16.400000,87.89286473335392,56.12242545091914,87.30609320713863,115.0796792513913,0.3176212935021438
0:00:16.433333,87.89102691037611,56.14428167851213,87.05868958999186,114.96174131201838,0.31757087532896594
0:00:16.466667,87.9423730812015,56.172566606758494,87.05868958999186,115.01463423306573,0.3174524927137644
0:00:16.500000,87.946708730282,56.245259164621245,87.05868958999186,115.99463687303022,0.316391848317474
0:00:16.533333,87.88654580009694,56.23110246864019,87.05868958999186,115.70646841118186,0.31564173175374305
0:00:16.566667,87.8651563674226,56.092295259740126,87.30609320713863,115.99453446425971,0.3151539815496122
0:00:16.600000,88.03641738102009,55.75561006799455,87.05868958999186,116.77340564150232,0.31413106416587794
0:00:16.633333,88.35277222235119,54.968440977921546,87.04788799830762,118.0473937078482,0.31191156700865824
0:00:16.666667,88.59026632047744,54.738608209914844,87.05868958999186,118.7098069721254,0.3108506321652463
0:00:16.700000,89.20034584044933,53.67393737796766,87.05868958999186,125.9908095959719,0.3047696279441903
0:00:16.733333,89.60623848503552,53.35072969340263,87.05868958999186,129.15065681233042,0.3006660786852011
0:00:16.766667,89.77185402246863,53.27916963798782,87.05868958999186,129.10014743195077,0.29739367366566166
0:00:16.800000,90.3162944297759,52.70969583493911,87.04788799830762,129.76519233900945,0.29352725925068285
0:00:16.833333,90.59903642612773,51.88608981704493,86.83482689210884,128.09455912538988,0.2928737632797553
0:00:16.866667,90.41952752126574,51.895079133242405,86.60235973780365,127.26254577129653,0.29195994884321
0:00:16.900000,90.08053736053678,51.83978459750665,86.61487208531425,126.1731394223647,0.29092233229670433
0:00:16.933333,89.31585695033836,51.92672749442704,86.62727822289175,125.94583517791135,0.2888493931740539
0:00:16.966667,88.51406939766068,52.15204452744831,86.63957949599047,125.95177862809328,0.2873803758749558
0:00:17,87.89755884614034,52.152138485177716,86.63957949599047,126.01576706993608,0.28652524926117084
0:00:17.033333,87.72001807180794,52.27337627381337,86.63957949599047,125.43135953608986,0.2865601052419747
0:00:17.066667,87.565469582762,52.54351976734824,86.39873010937065,125.26811523394682,0.28669966554958765
0:00:17.100000,87.2590431118148,52.90608556148743,86.15799278849346,124.98853438856261,0.2874341306922402
0:00:17.133333,87.0513491892988,53.15187383581622,86.41193842984153,124.11071837043646,0.28750837507917865
0:00:17.166667,86.97821177818277,53.22869865913191,86.41193842984153,122.61922721569962,0.28660906146549137
0:00:17.200000,86.8674561591343,53.355175856876826,86.15799278849346,121.61835581136579,0.28588151279754864
0:00:17.233333,86.51743497390564,53.43900665245144,86.63957949599047,120.97536101186353,0.28532520587127497
0:00:17.266667,86.5401741316685,53.3668752871651,86.63957949599047,121.20029341169536,0.2850614066550405
0:00:17.300000,86.3973611650658,53.32594419069807,86.880532420556,121.41666190332056,0.28463139092358003
0:00:17.333333,86.13266106655225,53.192938829802415,86.880532420556,121.4477771161158,0.28462171375794465
0:00:17.366667,85.7966287369798,53.04106355183188,87.36271466346912,121.18119177750081,0.28505191847618794
0:00:17.400000,85.59317730644953,52.97585078912675,87.36271466346912,120.86967500161374,0.28541260839903465
0:00:17.433333,85.74567976536164,52.71733350984272,87.59571415803764,120.80855280739044,0.28560731550125634
0:00:17.466667,85.881944694627,52.610557910620344,87.8380201820519,120.34724946324052,0.28567577142157985
0:00:17.500000,85.86008346800345,52.583592696548465,87.59571415803764,120.06582767391112,0.2858620639415522
0:00:17.533333,86.01164844624375,52.44111607835475,87.8380201820519,119.45548595479558,0.28612511049442835
0:00:17.566667,86.31490966116444,52.09109113822069,88.08038758525184,119.2875990998054,0.28632582779092547
0:00:17.600000,86.51875805192356,51.87379473753549,88.32280762393762,119.033679532051,0.28683299553839
0:00:17.633333,86.8444925061525,51.546556571863164,88.56527154299532,118.83072783086547,0.28668782477781724
0:00:17.666667,87.2435418616696,51.17983625814787,88.80777057778974,117.91439746427847,0.28494948222814004
0:00:17.700000,86.64154037170427,51.618178002613774,88.80466143035378,113.95510010024397,0.2850265158548113
0:00:17.733333,85.50909807757255,52.38461787434039,88.80777057778974,107.16668742266422,0.28877511310693416
0:00:17.766667,84.91151972837882,52.24425003412915,89.05029595606243,104.33349390477612,0.29115783139773294
0:00:17.800000,84.04453323012217,53.05477751645185,89.05029595606243,101.17402149955353,0.29577756232261637
0:00:17.833333,82.02257857162348,54.13198649390523,89.29283889983397,97.86541101978996,0.30686250213103283
0:00:17.866667,80.12679529872008,55.39471712580951,89.2897024936817,94.52253926877282,0.3134689236141391
0:00:17.900000,79.99006182196558,55.469649096638136,89.5353906273091,94.34775847716722,0.3130471631111947
0:00:17.933333,78.67862265393735,55.07951781382505,89.78321515268229,91.93365617366341,0.31666556573891774
0:00:17.966667,75.48103651052935,55.395572746772544,90.28534734925618,86.03197909518816,0.3145911067385409
0:00:18,73.45606999590058,55.63430158279678,90.53969197547379,82.58399425352304,0.3153795053292537
0:00:18.033333,72.61801207209656,55.984413021763565,90.54861722642353,81.88023580953781,0.31502242921208995
0:00:18.066667,70.39859473929916,58.280652960788366,89.79214564750748,79.67601517057993,0.32198294700410046
0:00:18.100000,69.24446790999438,59.364956507205044,89.5353906273091,80.6205771525515,0.3168085262419159
0:00:18.133333,67.65274705830433,60.801273453544354,89.27747383551112,70.48696022088548,0.32347425221725923
0:00:18.166667,68.20750732619426,60.175516998090416,89.01722308340071,74.17406112865399,0.3215922187295417
0:00:18.200000,66.48638332088122,61.33119487601431,89.01956760462346,67.98490279230639,0.3242826523293107
0:00:18.233333,65.48768323119793,62.19044202404859,88.75461754505575,62.93948980821587,0.32527851965735405
0:00:18.266667,64.49337010049143,62.969950297531966,88.49441048511598,58.387161751708796,0.325465302276393
0:00:18.300000,64.3337249661377,62.76840707358792,88.75461754505575,58.74843182957707,0.3264740578962677
0:00:18.333333,61.928530424272374,63.96845237652104,88.75103646822438,56.65343854735929,0.3327509973311546
0:00:18.366667,60.41074866578585,64.60966293514105,88.75461754505575,57.42584520774228,0.33875594083615196
0:00:18.400000,59.49030215993241,64.87505754234456,88.75461754505575,59.05807362862989,0.34233545853402964
0:00:18.433333,59.19968837387291,64.88576826334486,88.75461754505575,60.183647857989676,0.34402175133411483
0:00:18.466667,59.22985044461149,64.88766814482437,88.75461754505575,60.419026903514975,0.3445048255470886
0:00:18.500000,59.3426713039121,64.82936736301411,88.75816607272347,61.028110796055614,0.3443678265921859
0:00:18.533333,58.94633006669738,65.02297243905963,88.75816607272347,61.59824359796904,0.3454920657009541
0:00:18.566667,58.58787861857201,65.20788127408082,88.49914116814935,62.04862874750269,0.3466501889331197
0:00:18.600000,58.104290976921035,65.44898161760415,88.49914116814935,62.71471346567846,0.3481774289594389
0:00:18.633333,57.90395384718617,65.54012010785016,88.75461754505575,63.014557850350876,0.34897439989491263
0:00:18.666667,57.85937255179144,65.62215527576876,88.75461754505575,62.99406390716289,0.3490478060106922
0:00:18.700000,57.927306979592366,65.53793181342485,88.75816607272347,63.212143011396755,0.34892487329499394
0:00:18.733333,58.00757532530673,65.48219154378523,88.75461754505575,63.3648900936316,0.34887910322361654
0:00:18.766667,58.07682596099805,65.5293339555513,88.75461754505575,63.30395665725403,0.34887422287682535
0:00:18.800000,58.27968975992593,65.67505978091532,88.75816607272347,62.315809923794944,0.348210916345755
0:00:18.833333,58.30520834844561,65.89532258479034,88.75816607272347,61.602641554444084,0.348257655860578
0:00:18.866667,58.26263952804913,66.1205485308148,88.75816607272347,60.940530335645064,0.3483337305722361
0:00:18.900000,58.32245255629729,66.2359808627399,88.75816607272347,60.62970971768048,0.3482831772322633
0:00:18.933333,58.40074560451283,66.34187809714342,88.49914116814935,60.15893296002308,0.3479977479927524
0:00:18.966667,58.4079969399702,66.3700067955304,88.49914116814935,60.14244531963765,0.3479287035094409
0:00:19,58.39667353447638,66.40625013296386,88.49914116814935,60.30695190054796,0.3480890304176712
0:00:19.033333,58.40028588442073,66.37035485464395,88.49914116814935,60.717265221903574,0.3481209934833025
0:00:19.066667,58.43749849342636,66.20440603398043,88.75816607272347,61.0435811552406,0.3480024395357347
0:00:19.100000,58.443349415124004,66.1759962259469,88.75816607272347,61.23319161862131,0.3479067776741745
0:00:19.133333,58.46637816483099,66.12150229688831,88.75816607272347,61.48034584513047,0.34770357943363195
0:00:19.166667,58.46923370989623,66.09924358927435,88.75816607272347,61.59926122979939,0.3474076859299223
0:00:19.200000,58.467264263395926,66.05985502065124,88.75816607272347,61.819825381039614,0.3470098543090246
0:00:19.233333,58.45924226006432,65.897468074539,88.49914116814935,62.28362736151723,0.34647730314807423
0:00:19.266667,58.478500837513785,65.72067345140351,88.75816607272347,62.64559170002555,0.3460220885766299
0:00:19.300000,58.4308167557505,65.52776210167019,88.75816607272347,63.03295799563,0.34529196377726795
0:00:19.333333,58.405056702529336,65.36407813861405,88.75816607272347,63.42696328445802,0.3441112424693242
0:00:19.366667,58.37658160256453,65.26134835401399,88.75461754505575,63.56644436935962,0.34324929491373785
0:00:19.400000,58.396941721378134,65.21867464606572,88.75461754505575,63.83430916404099,0.34154617026178685
0:00:19.433333,58.38250873747558,65.13955539197303,88.75461754505575,64.00536990992161,0.34046484815050665
0:00:19.466667,58.40352857876654,64.9555408346207,88.75461754505575,64.55489755172563,0.3395463345718165
0:00:19.500000,58.284910878249235,64.65963011751802,88.75816607272347,66.13543792318947,0.3384476727651991
0:00:19.533333,57.988503532285584,64.57471238460823,88.75461754505575,67.2806853547452,0.33873882139553874
0:00:19.566667,57.68500182316819,64.68143217952093,88.75816607272347,67.99233398149379,0.3393321137002786
0:00:19.600000,57.45559006451561,64.63519367956263,88.49441048511598,68.73941644282998,0.3402209317053731
0:00:19.633333,57.2764136482885,64.43425270830949,88.49914116814935,69.81070094697589,0.3411918579296977
0:00:19.666667,57.248311343714484,64.13181989475243,88.50382905365568,71.61332686990649,0.3410071877418097
0:00:19.700000,57.29319325970157,64.17530744672177,88.25182384992274,71.95252644483391,0.34084698803207175
0:00:19.733333,57.426512806205324,63.89851983804783,88.25182384992274,72.2628122100125,0.3406956447852823
0:00:19.766667,57.629916689715394,63.54650198304529,88.257577822163,72.68833436165883,0.34032396411168747
0:00:19.800000,57.667319584079706,63.388092551932516,88.00212825722122,73.04701280113005,0.3400087459389991
0:00:19.833333,57.70604188427951,63.20161607268528,87.99522502363502,73.09453470588646,0.3393671163717005
0:00:19.866667,57.71532342451254,63.17662098786769,88.00212825722122,72.87146132126121,0.33930560994950476
0:00:19.900000,57.708067896436816,63.415744376242856,88.00212825722122,72.82631909700457,0.33940846768848193
0:00:19.933333,57.68302925364036,63.73334412946781,87.73868862171433,72.57551888672606,0.33959185172627476
0:00:19.966667,57.56676979721069,63.70372043321714,87.7305641689991,72.67353236624415,0.3407224721922125
0:00:20,57.03775250664392,64.11278020633955,87.472942756131,71.31612699383957,0.34603563360527356
0:00:20.033333,56.80937803821757,64.15280925726313,87.45412427673715,70.91666908923786,0.34704536314656564
0:00:20.066667,56.640404320742064,64.30205909991201,87.7057440490591,70.0808057790175,0.3478883866310532
0:00:20.100000,56.38794322321204,64.37396367241985,87.6888146734829,70.53160941058178,0.3520086199006999
0:00:20.133333,56.5006138466542,64.04017537300518,87.95246434148412,70.36337046804215,0.35510605689684666
0:00:20.166667,56.039704744591376,64.06401365583798,87.93018130899924,70.62046330337996,0.3586275709235618
0:00:20.200000,56.031147078304436,64.17034076279242,87.92261359794439,69.34001257967417,0.3611139745722779
0:00:20.233333,56.105459523736805,64.17841040428561,88.19760814476986,69.49689307841656,0.3636348103091901
0:00:20.266667,56.03575410305285,64.00756901892646,88.19130018348444,70.19268499549966,0.3654127048377602
0:00:20.300000,55.940886095440185,63.72335694090566,88.45495132430199,70.66015482967397,0.3680062435172252
0:00:20.333333,55.60665897430455,63.2934859894732,88.72116029982749,70.98462210094795,0.3682777641807315
0:00:20.366667,55.19406363715946,62.9537825403267,89.26135427710773,70.90850290042562,0.36945619178560174
0:00:20.400000,55.01057024048201,62.276748144522735,89.81075080406575,70.4625113183316,0.3702724438224723
0:00:20.433333,55.136466825018175,61.677227429419496,90.08609812903865,70.24920285061316,0.3705042217826954
0:00:20.466667,55.42371683893548,61.19696175785453,90.63670283808715,69.62471607529817,0.3697132331003671
0:00:20.500000,55.515831714106504,60.843144169562365,90.63670283808715,69.68317454954285,0.36874478344883194
0:00:20.533333,55.58701289634132,60.5560245391731,90.91861418625228,68.74796555245666,0.3665993713239226
0:00:20.566667,55.43845725552105,60.57586734139709,90.91861418625228,67.63821599722131,0.3670072921057546
0:00:20.600000,55.36030253107944,60.51246674692602,91.19511557321033,67.45114740791587,0.36598335463265
0:00:20.633333,55.239277562553475,60.410781970702836,91.19511557321033,67.40888412717271,0.36534361808761473
0:00:20.666667,55.10881313403041,60.29860494635498,91.47153884997923,67.36817743780118,0.364628105336142
0:00:20.700000,55.059561354682266,60.298242411140365,91.48097615919548,67.69898991276999,0.3626465044987175
0:00:20.733333,55.0708308699541,60.57672493006968,91.49050588276859,67.62983537034049,0.3589079084423136
0:00:20.766667,55.143570373101134,60.751617367598605,91.49050588276859,67.02075211154376,0.3549170203729069
0:00:20.800000,55.132815069989626,60.76898197549149,91.50012938428107,67.15659290757462,0.35139388717217845
0:00:20.833333,54.98906169500362,60.48254042560981,91.50984805426361,68.0612730542385,0.3499261864496312
0:00:20.866667,54.736595049075234,60.15181397523775,91.22796228490294,69.94030219099224,0.3467077159850812
0:00:20.900000,54.68230207336962,60.0967428315208,91.50984805426361,69.71806385993821,0.34352180015900735
0:00:20.933333,54.535360283277214,60.28032819187474,91.50012938428107,68.54876557066429,0.34116041591226076
0:00:20.966667,54.451104437740135,60.315335856290524,91.50984805426361,67.29862569216176,0.3378812820411703
0:00:21,54.28271863731142,60.00428597242302,91.50984805426361,67.52048572668956,0.33458623506223106
0:00:21.033333,54.005921300347836,59.623092302860016,91.78053424697727,68.33641685036739,0.331368519534603
0:00:21.066667,53.81222345114748,59.56801715748069,91.78053424697727,68.34163479419254,0.33010739558778324
0:00:21.100000,53.67184998346523,59.34602546543599,91.79163724172363,68.98696820179235,0.3269038489560105
0:00:21.133333,53.72489368890691,59.49445965060347,91.78053424697727,68.34580862294999,0.32533412691445385
0:00:21.166667,53.75415205606793,59.903971345540235,91.50012938428107,67.49825547338081,0.323853879970216
0:00:21.200000,53.62670407630504,60.62891416620775,91.2113780549374,66.15487021599125,0.3221849818534998
0:00:21.233333,53.30780989489728,61.23349885423416,91.50012938428107,64.86685122039468,0.31980654884163723
0:00:21.266667,53.0529018329946,61.7602947379186,91.22796228490294,63.62318271350583,0.3167137457385023
0:00:21.300000,53.02193545580766,62.35140035101266,91.22796228490294,62.443639601857875,0.31310989032840664
0:00:21.333333,53.24904985601486,63.01606031747194,90.9530087175706,59.846995072058704,0.30701982950822015
0:00:21.366667,52.91880705593582,63.710231608031016,90.96725017240118,58.085215843640995,0.30091203794759924
0:00:21.400000,52.92102922134746,63.78967417123473,90.96725017240118,56.63757666147323,0.2953017559883098
0:00:21.433333,53.122232921310804,63.88472821984838,90.97447872132634,57.09784095934345,0.2885369351338849
0:00:21.466667,53.6865497996597,63.834884907944826,90.68096500492881,58.29471214850007,0.2800291422401973
0:00:21.500000,53.68709812910997,63.62051731870278,90.68674916442998,59.44945596554591,0.2745418714226178
0:00:21.533333,53.88890646774462,63.09399091128518,90.68674916442998,60.32817273869021,0.26933326112725
0:00:21.566667,54.153735778024924,62.86183419616591,90.69849447644178,60.17617707217441,0.2622203461113373
0:00:21.600000,53.81002562533731,63.26321614229136,90.70445744325755,60.079885788990445,0.2561835583428645
0:00:21.633333,53.50283934363826,63.72683736908788,90.7165686751807,59.53107756026287,0.2518902167832128
0:00:21.666667,53.10393766681948,64.98972302440968,90.42132964189153,57.25517496748727,0.24740798982228765
0:00:21.700000,53.360399579862126,65.86469825336529,89.83381721992433,59.899459475486196,0.23464805016965073
0:00:21.733333,53.80524035456855,65.1978952108304,89.8322629429362,62.77505239459206,0.22721204599867803
0:00:21.766667,53.947146447158204,65.59456705225284,89.83381721992433,63.41776141902403,0.21950543782960208
0:00:21.800000,53.85771315962675,66.14794118306723,89.5353906273091,64.32460955605995,0.21315769431509257
0:00:21.833333,53.42400800250196,66.55809080947141,89.5353906273091,63.35663625997773,0.2087838517630425
0:00:21.866667,53.24756863489138,66.54073384959037,89.5353906273091,64.17649137167527,0.20386850564038306
0:00:21.900000,52.76411253245828,67.08006836367122,89.2239183176933,63.32004088982162,0.20169529727755195
0:00:21.933333,52.3061431742371,68.1035676344365,88.90904221239329,63.0595972585161,0.19866310265440312
0:00:21.966667,52.053447158878896,68.87265124189923,88.595915268714,63.470648604880665,0.19461573534039325
0:00:22,52.30671040030427,68.78015577509245,88.90558200478507,64.76438744274061,0.18864321430051165
0:00:22.033333,52.255813794200705,69.03060673355003,88.58547857561449,64.96490448079396,0.183251472219267
0:00:22.066667,52.37861029548198,69.58120883571593,88.26185956590135,64.75858417195163,0.17772143870106571
0:00:22.100000,51.68282501604798,70.79558857772935,87.92564922663621,61.05545052620009,0.17393120397030742
0:00:22.133333,51.31547073525548,70.99371276596457,87.90726213049979,61.80350670118247,0.16812671612313979
0:00:22.166667,50.94704814909994,71.4287356748917,87.57065187033714,61.14806524780594,0.16350876710198903
0:00:22.200000,50.456774379162326,72.12235208673809,87.55930407036762,60.15390212412654,0.1593823525720344
0:00:22.233333,50.244799736228934,72.1079397867212,87.53621078691526,60.75171703633862,0.15527435966628403
0:00:22.266667,50.46354101146413,72.43792927428308,87.20335933010907,57.89482007941139,0.14928711689406415
0:00:22.300000,50.27864527004907,72.93124503542123,87.18965693674686,56.162715778531854,0.14343127160155825
0:00:22.333333,50.662566534851955,72.76521524418797,86.85501511227257,56.93157854969562,0.14133533767559392
0:00:22.366667,50.74997650804934,72.92244721841172,86.87066692762711,55.49748980028861,0.13695125985466577
0:00:22.400000,50.50527842038554,73.87143284509989,86.20584935567611,52.688400051216654,0.13154293688758398
0:00:22.433333,51.234192614833994,73.81798801678917,86.24425517137817,52.415686717614406,0.12528675768855013
0:00:22.466667,51.46247423368716,73.82012969152862,86.26312809301153,51.87019349300547,0.11859507865978285
0:00:22.500000,51.61501374145402,74.77984348069867,85.95724097707158,51.49959693899879,0.10832744389154118
0:00:22.533333,51.79194602061342,74.77615390330908,86.28178603015203,50.11022377245272,0.10183201699810566
0:00:22.566667,50.892482184448646,74.8561911047114,86.63957949599047,50.65544936326218,0.10308735590002575
0:00:22.600000,50.47970107944934,74.16106120726806,86.98959871473791,47.93561058720197,0.10780837294267492
0:00:22.633333,49.54021994622944,75.53924562776399,86.98959871473791,45.267737794746694,0.11039678494870346
0:00:22.666667,48.33948957695612,76.76286565870936,87.00372335823519,43.64411450277924,0.1154082211830662
0:00:22.700000,47.93203074184815,77.70845827450722,86.68776207115837,41.606577654656604,0.12026106989570201
0:00:22.733333,47.624938674029416,78.18624805299538,86.68776207115837,36.480621787569405,0.12177799790527878
0:00:22.766667,47.704286875078274,78.07563128755226,86.68776207115837,36.84393758342595,0.12298011565929574
0:00:22.800000,47.877038043032286,77.57421482327595,86.70346887704353,38.16515373532718,0.12427658848034122
0:00:22.833333,48.16788981777925,76.82021145723343,86.71900350403985,40.614838333359685,0.12361326514131794
0:00:22.866667,49.0232040101249,76.15410450013485,86.70346887704353,41.430080519282626,0.11589425031016554
0:00:22.900000,48.770040133732,75.67713070911776,87.31984040316758,42.25842308571201,0.11229296709389601
0:00:22.933333,48.19379969874124,76.08462629177853,87.58187013431353,39.74268852435739,0.09713689026302566
0:00:22.966667,47.756129934687394,76.5411174127093,87.87888039010676,39.01104492759779,0.083448378500376
0:00:23,48.345480585649234,77.28636538742802,87.50054120458765,36.834751527663975,0.06635728669984796
0:00:23.033333,48.062315605864136,77.20854833018689,87.13319935147406,36.25047242304646,0.05724387388081191
0:00:23.066667,48.146087813776354,76.82033283266338,87.80864631193892,35.504973387539124,0.04657174622172234
0:00:23.100000,48.012700441671825,76.52752115942354,87.78747246447303,36.61455012967015,0.03828811176673115
0:00:23.133333,48.47207937325155,75.93218577510345,87.78747246447303,37.74127124796286,0.032253579490035926
0:00:23.166667,48.1936001269457,74.49532583625233,88.47995570943259,39.973544063545575,0.028099673329918695
0:00:23.200000,48.114946745524115,73.51107444586717,89.18354324433659,41.02121641138262,0.02664855866238512
0:00:23.233333,48.04547764339301,72.12411496180351,89.5353906273091,42.64640253934515,0.02340854172729416
0:00:23.266667,47.89867477133654,71.59017848192472,90.23474203567557,44.71241170258993,0.019402599931038624
0:00:23.300000,47.701622791094366,72.2603775663901,89.5353906273091,44.84809688543295,0.016539191112004758
0:00:23.333333,47.677926115014955,72.1809905166769,89.18354324433659,45.12291382217735,0.016306904117275096
0:00:23.366667,47.73552053664439,72.50770095849305,89.18570176291018,45.58517150877332,0.017234068272881955
0:00:23.400000,47.462303562141116,72.97017766263275,88.4864293039533,45.90335343991628,0.01800986568203078
0:00:23.433333,47.64792241278724,72.9677089650649,88.4864293039533,46.117056310663536,0.019107410190495864
0:00:23.466667,47.94196565406648,72.6940467570862,88.84451537040997,46.30984641929863,0.019975641386211176
0:00:23.500000,48.13074216350758,72.32871252856762,88.84451537040997,46.41530523480955,0.020436623057245064
0:00:23.533333,48.45569054581353,72.16812840183883,88.84451537040997,46.49743368622452,0.02156982107740057
0:00:23.566667,48.47783085292858,72.13364065003373,88.49914116814935,47.17914870473585,0.02250138354563807
0:00:23.600000,48.26163687640695,72.71523992973289,88.15384304601908,47.32636642434755,0.02323671865173811
0:00:23.633333,48.015879570554354,73.07711779927422,87.7981238826695,47.53689793820058,0.024147081365677184
0:00:23.666667,47.93454865976155,73.30655308797367,87.78747246447303,47.12537012493867,0.025894925536263987
0:00:23.700000,48.08261096039061,73.44642086295408,87.78747246447303,47.247729894928185,0.028649330091185
0:00:23.733333,48.38301051298814,72.48696101713853,87.78747246447303,50.22330135394988,0.0318529383920624
0:00:23.766667,48.51432963121852,72.00159529099847,88.13689830273317,51.71903319693965,0.03467630492055316
0:00:23.800000,48.55723338953208,71.99174948056384,88.12826913013994,52.57132492195551,0.03812814691914992
0:00:23.833333,48.8853924707642,71.2841935893909,88.12826913013994,54.46038274720788,0.04158573114844101
0:00:23.866667,49.616156011674384,70.23870909347266,88.4864293039533,58.195146855645454,0.05182550858911405
0:00:23.900000,49.688566585660475,70.80584162172624,88.15384304601908,55.81704569182056,0.06181860470705127
0:00:23.933333,50.7168605998891,70.48630745125473,88.18653004290196,58.699498543697985,0.06952315963189803
0:00:23.966667,51.566960472591404,69.83382892951221,88.19446158115174,60.04431676526112,0.07934935891941208
0:00:24,51.58127095973775,70.2698041641267,88.17038216274327,58.35377697970301,0.0888533501134992
0:00:24.033333,51.75549122048327,70.36338384181118,88.17038216274327,58.840790623920874,0.09518305292485059
0:00:24.066667,52.03101207682368,70.81605217160956,87.8190420805634,61.26109142107918,0.10283567169729253
0:00:24.100000,52.539264386688686,71.48868306032585,87.10393964664117,63.19176149690202,0.11092698005291834
0:00:24.133333,51.7496333261937,75.1274215911942,85.29478449429445,58.827888524647115,0.1172383760168694
0:00:24.166667,52.68318567841364,75.59046869186756,84.88535647473037,53.75109549029416,0.12432412574251016
0:00:24.200000,53.071884805084345,75.62254189878826,84.52943289117646,53.265303448116555,0.1323317812277121
0:00:24.233333,54.38435689664358,75.5726850057963,83.81878553454483,52.906930643011506,0.13696095176465045
0:00:24.266667,55.830061879325825,75.97772090002667,83.0287684052991,54.352601825563916,0.14089572923721055
0:00:24.300000,56.144869498474606,75.80594491775838,82.98742411854586,53.91751678443315,0.14338845595250058
0:00:24.333333,55.66052851725461,76.24027783079589,82.94555341109167,50.16000812994714,0.14203685069679042
0:00:24.366667,54.77983995400631,78.13305104575403,82.12641977345768,46.440895222749134,0.1358999137533741
0:00:24.400000,54.48516940011063,78.53608126408,82.4471559381437,50.674583131370376,0.12836062680926394
0:00:24.433333,54.26938885177615,78.97722812766358,82.4471559381437,51.648889390171135,0.12246417427896998
0:00:24.466667,54.31512082583048,78.96366059083078,82.49301272631962,50.983062708304594,0.11945894078707466
0:00:24.500000,53.761580284042545,80.15746801198719,82.4471559381437,43.24094738528161,0.11338907838414303
0:00:24.533333,53.71457464105866,79.90218945983196,83.14508024153062,45.324737790301235,0.10460557045736535
0:00:24.566667,52.90458689038259,80.14987431711137,83.47829344251761,50.322880373778275,0.09352190118647913
0:00:24.600000,52.407065322660515,80.15817218809792,84.60770348112878,44.357221650623366,0.08868891719886085
0:00:24.633333,51.682972697427324,82.82920975629293,84.95467333576724,28.323456805707103,0.08329257679709269
0:00:24.666667,51.967593757282266,79.88114753510433,86.0966156515466,32.01049626673987,0.07472554731588965
0:00:24.700000,53.02423912471389,77.12421571116806,87.28655816477786,37.09986814287733,0.06648173411021943
0:00:24.733333,55.151363683470784,73.271714860288,88.46004652407387,43.96056918154101,0.051262984240818626
0:00:24.766667,57.37091565509419,69.81426057301593,88.85685125248544,48.36225625429389,0.03369188859329256
0:00:24.800000,56.23576607854227,68.82961971748466,89.5353906273091,55.009274268556524,0.02228842735180403
0:00:24.833333,56.32618760639932,68.86885323880618,89.87467233462084,54.03495337746013,0.017113116757837565
0:00:24.866667,56.44174467570354,68.68927091011336,90.20594792684535,51.620696561544385,0.02533515962667912
0:00:24.900000,55.697793047458404,69.14151170054728,90.54711868552947,48.61236808917636,0.038056108585463815
0:00:24.933333,55.75335974923739,69.09356971623595,90.53528805058104,51.26379810579607,0.05056206742052376
0:00:24.966667,54.71642032479702,70.37344810709135,89.8706808777456,53.05749975676422,0.06070204504802371
0:00:25,54.54917093557543,69.82822925716792,90.52947587562413,53.27832548317191,0.07220576211989381
0:00:25.033333,54.50689971707896,69.26409713104218,90.5180518853973,56.77722456885042,0.08176071999908331
0:00:25.066667,53.22941209844342,70.5744354414731,90.20594792684535,53.962942245952505,0.090672059808282
0:00:25.100000,53.47113298412542,71.12589142949247,89.87670391319216,48.22655531897507,0.09243586826330276
0:00:25.133333,53.802710211543896,71.54413558212433,89.87875996773083,43.465055222473445,0.09284060906740658
0:00:25.166667,54.01716803296522,71.26132665241578,89.88507949170803,43.717122900792546,0.09012500197692866
0:00:25.200000,55.00522867600459,70.40346315843139,90.5843519506649,36.519401172747884,0.08955265392133266
0:00:25.233333,55.684702153234596,72.17797033067991,89.89614530403261,27.039508395326383,0.0824541437575697
0:00:25.266667,56.990742886284565,72.78336464590483,89.89387646671342,21.256853316163127,0.07420658597234868
0:00:25.300000,59.047669923666206,74.0541484774005,89.5353906273091,8.141394124800035,0.05809495083574031
0:00:25.333333,61.995855148490605,74.46232592367222,89.5353906273091,5.238036406774115,0.04230384307462549
0:00:25.366667,63.1596666259794,78.18438695255162,89.1367957260051,11.82488954405451,0.01681175780165537
0:00:25.400000,63.36179249934194,79.35990068990321,89.5353906273091,6.668249991952274,0.013142902536358627
0:00:25.433333,63.53527265062359,77.81801839668556,91.1991515428984,5.897933631457718,0.015984189262738653
0:00:25.466667,59.930353959970326,80.14239137187346,91.66127004983012,18.809225130506317,0.017071665150887424
0:00:25.500000,63.8841354749127,77.39154089033197,91.12938057759145,12.601870235493124,0.015595922846420597
0:00:25.533333,70.30093644487415,69.40759345588641,92.47471794605077,1.3590370478874498,0.019380285747266367
0:00:25.566667,72.49431341201723,67.4415412801508,92.04320519865414,3.4827641827867324,0.01740823633050644
0:00:25.600000,74.04220871997236,65.68169696772739,91.98174022979526,5.8481327014209405,0.013203068107428943
0:00:25.633333,73.03066892567786,66.30962850501054,92.3479206657284,3.1741687050375496,0.012334496770761493
0:00:25.666667,72.67378489814652,67.88346297830836,90.95124842604217,0.3958679977479108,0.011841047476519087
0:00:25.700000,72.7766883738175,69.07626501229934,90.24342874266054,1.3226310451961305,0.011210964502386282
0:00:25.733333,72.54207802357696,68.11136730477531,90.2390585824299,10.73984380536616,0.015647446579366203
0:00:25.766667,69.33406053640182,67.47138482253749,89.8808409432328,20.860439970208567,0.021817655798097312
0:00:25.800000,66.700950144727,69.04317644543016,89.17914526587226,21.794067046211072,0.02155085878482782
0:00:25.833333,64.79315751869808,70.35383788013115,89.17463595058561,16.672784694578738,0.021259324783384055
0:00:25.866667,61.555488099814475,75.41680434539637,88.41053667177738,2.4323269400895877,0.021902483223985816
0:00:25.900000,61.337840322114346,76.25362661033881,88.04553392495798,0.63502856961024,0.023297674044510972
0:00:25.933333,58.78007645831852,79.16138912456972,87.64866277053483,1.4437794722702526,0.026203294352540197
0:00:25.966667,57.101160503134125,81.43733410104966,86.84145229526965,1.1783480338574728,0.029152997829855126
0:00:26,55.45926815207146,82.89977560840202,86.80460509164764,2.9064362274636033,0.02996793516351682
0:00:26.033333,54.86326886425927,82.64196805508078,87.21015070384077,2.9403270558910384,0.033218770627170616
0:00:26.066667,54.96699438175133,81.16423784804886,87.61044706982901,1.6774073317707565,0.03704861436358286
0:00:26.100000,54.30010005024434,80.43898853395262,87.62335643229345,6.666865538787248,0.042709239877609606
0:00:26.133333,54.304787403704104,79.05578869761797,88.02580988923846,14.873369236937805,0.0462586855936121
0:00:26.166667,53.661022820333855,79.75930090659409,87.63609386224901,13.58454883884953,0.046455404295607766
0:00:26.200000,52.52844046967154,81.5003279728,87.21015070384077,11.098203033997956,0.04828059439037681
0:00:26.233333,52.69366742603809,80.84955316742213,87.24132805612611,11.466712177886553,0.05255486799808135
0:00:26.266667,53.690161651044015,79.33112727464663,87.66106647839493,11.601211674456069,0.05498339127178697
0:00:26.300000,55.05106012908325,76.79426722994862,88.4393718786258,11.661510677709593,0.05569300773671947
0:00:26.333333,56.01038024854239,74.71597191470102,89.17690478790479,11.639327631502821,0.05522665458870859
0:00:26.366667,57.26920297847972,71.91829723878861,89.88507949170803,13.740809936429612,0.054181322967610586
0:00:26.400000,58.7793827781585,68.79806921418303,91.25173917405482,13.883612269644548,0.04925923543290717
0:00:26.433333,60.784435850408,68.3865047188849,91.26213494267928,9.736890951345758,0.03861288227167292
0:00:26.466667,60.266169003431486,69.27843347445531,92.0275513875996,8.350973520835442,0.032874047010562873
0:00:26.500000,60.35758652267341,69.9914604595724,91.71267501026264,6.8011236049489785,0.028143837577155464
0:00:26.533333,60.34346880963401,70.75138083643826,92.124517554339,7.222420017225233,0.024487609151975193
0:00:26.566667,60.90677546536768,69.60743926676787,92.8844725221053,12.096067105030038,0.023009415362601485
0:00:26.600000,61.113653769438876,69.20839467177204,93.2799943157996,14.58920496273776,0.02416553763830722
0:00:26.633333,61.05191133668927,69.26311004547539,92.90645478094608,15.609421322032889,0.025013463935938767
0:00:26.666667,61.41467640385319,69.08179452561208,92.90645478094608,16.13427397366514,0.025628022917676116
0:00:26.700000,63.33912477745129,67.18454252090946,93.18424436386672,18.240703986328484,0.02658570315613716
0:00:26.733333,64.574335020996,66.07351154994933,93.11558072859285,19.85505876207716,0.026843686235984883
0:00:26.766667,65.72159008729231,64.90403699291608,93.42375774051541,21.912789263595652,0.026975307147610705
0:00:26.800000,65.92971666326287,64.82466974720923,93.39982918412234,21.796168981829577,0.026863947187896857
0:00:26.833333,67.34468132135962,63.32174940001461,93.32977596253107,23.670659487338217,0.027502567968327875
0:00:26.866667,67.05741817628204,63.211651610788174,93.35284354524585,24.445291683513325,0.02677188157521919
0:00:26.900000,66.96885425703283,63.199419686471536,93.35284354524585,24.45789381274264,0.026020184443202955
0:00:26.933333,66.84825492292552,63.23690482793565,93.37619289038156,24.736311220995187,0.025971725066649742
0:00:26.966667,66.95351696340235,62.735582566278346,93.69870284958691,24.776945167224728,0.026477090331538763
0:00:27,66.57979033307423,62.72114452567143,93.7241530637016,24.509035901322243,0.02723495844495093
0:00:27.033333,66.24971015687095,63.121796022223855,93.74991577381171,22.829810639846464,0.028133300044690817
0:00:27.066667,65.52930838806377,63.79696871557241,94.09968411095775,21.344646639927557,0.028613844259772116
0:00:27.100000,65.29721813650025,64.16267765841246,94.12791160474562,20.052853873669005,0.02960607222600528
0:00:27.133333,62.97900305218092,66.8331755143342,93.57378132135186,15.957786576130534,0.03029810906604936
0:00:27.166667,62.95737184560041,67.21673255961775,93.57378132135186,15.652406145362153,0.030927543458438463
0:00:27.200000,62.75081979887017,67.72825526270444,93.18424436386672,15.01036628609544,0.031824261036033794
0:00:27.233333,62.59562037543046,68.17694044187847,92.84135604016242,13.852407389854472,0.032140746253127225
0:00:27.266667,62.27945916033335,68.98135785074678,92.47471794605077,11.812164297091947,0.03199505353960914
0:00:27.300000,62.27700208315359,69.26921780645708,92.1078362554298,10.185701865324862,0.031697904172939696
0:00:27.333333,62.35366369021934,69.24393975004205,92.1078362554298,9.010637494403039,0.03176683023492252
0:00:27.366667,62.88666214859657,68.71965443066122,92.07510988107308,8.611017766803274,0.03205392330482578
0:00:27.400000,63.24794183397647,68.31069729623077,92.05905677347094,8.345569388759898,0.03237380645630124
0:00:27.433333,63.258022310841866,68.30961380682528,92.04320519865414,7.773687480118608,0.03292172653306387
0:00:27.466667,63.31750645443609,68.16124024637561,92.04320519865414,7.592859703488131,0.033399368814597846
0:00:27.500000,63.28281286835618,68.17476827910697,92.04320519865414,7.402952691543327,0.03360278970725717
0:00:27.533333,63.10831159112417,68.44165775349559,92.04320519865414,6.080134627237175,0.03387615102669348
0:00:27.566667,63.17104222758805,68.54681627603745,92.04320519865414,5.630853753488806,0.03410531275962078
0:00:27.600000,63.271396239457204,68.6708189329768,92.04320519865414,5.344031136344574,0.03455901058615575
0:00:27.633333,63.15106819780689,68.89553821163292,91.68531391792037,4.89093009154293,0.035052448947136855
0:00:27.666667,62.78729851748359,69.19646136648866,91.69890800304302,4.597782367245942,0.03574314710564553
0:00:27.700000,62.6770221352491,69.21730902090258,91.69890800304302,4.6642177727418765,0.03614462340133288
0:00:27.733333,62.56440504929361,69.27070227164585,91.69890800304302,4.6320556895311515,0.03666551816946391
0:00:27.766667,62.491765359023326,69.32014947886553,91.69890800304302,4.461306125189115,0.036977646994941826
0:00:27.800000,62.4204657746353,69.3797327310397,91.69890800304302,3.7741192595248365,0.03698319313628843
0:00:27.833333,62.42754162954323,69.34613969006087,91.69890800304302,3.83281458310409,0.037053023671434364
0:00:27.866667,62.53670949461133,69.35964893254786,91.69890800304302,3.8749748329174514,0.037306967875249536
0:00:27.900000,62.561043434842084,69.37609693357831,91.69890800304302,3.8280104879738386,0.03739545710797947
0:00:27.933333,62.642202598923234,69.27555438023505,91.68531391792037,3.9179248797692945,0.03740354239504498
0:00:27.966667,62.35248022026869,69.52881877925476,91.69890800304302,3.5660077366895093,0.03729569909813482
0:00:28,62.258472864880396,69.62808030236096,91.69890800304302,3.3235874330248434,0.03707237557806161
0:00:28.033333,62.34846906209195,69.54221321118638,91.69890800304302,3.2270995730589407,0.03692914567758753
0:00:28.066667,62.42295363226835,69.5900216223882,91.69890800304302,3.159260800430179,0.03691504752996187
0:00:28.100000,62.00417424652384,69.98811650744808,91.71267501026264,2.631465838407782,0.0366754759848202
0:00:28.133333,61.90845323643312,70.24318575468637,91.71267501026264,2.0268966392971572,0.03661805135390113
0:00:28.166667,61.758781595330234,70.3663699182752,91.72661825851682,1.9843868689530784,0.036578820673582
0:00:28.200000,61.84855656152783,70.24759257659281,91.72661825851682,2.3390141000035363,0.0365741386347411
0:00:28.233333,61.96567724711806,70.08142729730673,91.71267501026264,2.907206763257724,0.03627604450746443
0:00:28.266667,62.2281901666085,69.81068415232744,91.71267501026264,3.2034822672399312,0.036082268160787176
0:00:28.300000,62.1400022079262,69.86460410342089,91.71267501026264,3.519178775802976,0.03579012638314281
0:00:28.333333,61.9074680227636,70.10045196468853,91.72661825851682,3.680154738720285,0.034927924462784324
0:00:28.366667,61.91367072232057,70.17895616827872,91.72661825851682,3.5388672955775795,0.034403349332495274
0:00:28.400000,62.58134871120835,69.46840549853961,91.69890800304302,4.762172145540818,0.03381760274707164
0:00:28.433333,62.97123737184933,68.86875135480463,91.68531391792037,6.476466169316306,0.033101249767413944
0:00:28.466667,63.138349732322894,68.43477671961767,92.04320519865414,8.276727628288569,0.032401372281227504
0:00:28.500000,62.893473212297025,68.51634348980079,91.6718895187338,8.319167101550779,0.032360237071292326
0:00:28.533333,62.666701155934064,68.77813976755638,91.68531391792037,8.095726941387216,0.0321012008299893
0:00:28.566667,62.34898669254716,69.11714048145289,91.68531391792037,7.722521720028291,0.0320581467292945
0:00:28.600000,62.50047511508824,69.0684889140712,91.68531391792037,7.936802259940007,0.032228432108688365
0:00:28.633333,62.39426219806754,69.39438459635168,91.6718895187338,7.226273905209021,0.03201893399928745
0:00:28.666667,62.35370177786777,69.43928877352153,91.3160611328344,7.323127637855191,0.03213121723721241
0:00:28.700000,62.23138586020188,69.64623130374967,91.3160611328344,6.9539028860485885,0.03203381172646585
0:00:28.733333,61.864369741717354,70.35522879586111,91.32725296461675,6.308131688185627,0.03190526774888537
0:00:28.766667,61.353663265296966,71.07898199056653,90.9873058284203,5.859334469507087,0.03183324592153071
0:00:28.800000,61.25551560913839,71.44506793474746,90.99660891304472,5.382986791780625,0.031815972966447094
0:00:28.833333,61.04097331109278,71.84960843462969,91.00603195809032,4.865660341246474,0.03167766067319532
0:00:28.866667,60.747023694852366,72.29665220124781,91.01557729836782,4.122526577874025,0.03156686250314149
0:00:28.900000,60.41933011795759,72.5122504957873,91.3974730342183,3.4314655203891835,0.03146039962474232
0:00:28.933333,60.345375632801655,72.55828236807635,91.42211848408338,2.856071191354242,0.03165126831127243
0:00:28.966667,60.56463389531436,72.34641692682648,91.79910041680373,2.6064948526430176,0.03165029035482699
0:00:29,60.132214087430384,72.90222628154032,91.4346873923692,1.947580804094048,0.03141220441187996
0:00:29.033333,59.44324448238414,73.8208213466467,91.4603341847892,1.2692348625969339,0.030893035502250366
0:00:29.066667,59.383550356679336,73.96820907639324,91.4603341847892,0.15946558975680647,0.030499916569350537
0:00:29.100000,59.40245413975746,73.91812336440195,91.4603341847892,0.6011994203539093,0.030075833403073935
0:00:29.133333,59.3103471033078,74.02947391358879,91.4603341847892,0.2959195377597148,0.02975470521849995
0:00:29.166667,59.22021516223481,73.98695180645724,91.47341898323711,0.5665544844610486,0.029804851287953425
0:00:29.200000,59.19184106596575,73.73010135357343,91.44742482232478,0.1544090880355089,0.029753098053709504
0:00:29.233333,59.308415033878205,73.40229401195482,91.4346873923692,0.6959000681702066,0.029509824299353473
0:00:29.266667,59.33262043237452,73.21505111461515,91.4346873923692,1.15781332354005,0.029372909013059896
0:00:29.300000,59.506788057200275,73.10426279684661,91.79910041680373,1.8856279878735878,0.02907538217728076
0:00:29.333333,59.76611603931922,72.95419151559031,91.4097147762233,3.0557580565124853,0.02888229256528738
0:00:29.366667,60.43621108608741,72.241498870184,91.3974730342183,3.9366055134288964,0.028710055968925903
0:00:29.400000,61.425992898208655,71.24168360629876,91.37346292611858,4.8072545943297325,0.028689867797283823
0:00:29.433333,61.46545994390562,71.33198788878849,91.00603195809032,4.905371160798124,0.028728251163148102
0:00:29.466667,61.351741004767476,71.76050956759082,91.00603195809032,5.004910082468622,0.028705076514744465
0:00:29.500000,60.873061811363655,72.68783819971142,91.02524732966025,5.003195172483014,0.02873729821273562
0:00:29.533333,60.87869866691453,72.64834757199489,90.66024458284083,5.556087676798559,0.028694564265405814
0:00:29.566667,60.64623862788217,72.85257436399921,90.66024458284083,5.914779820449683,0.028591590126994568
0:00:29.600000,60.84281478410197,72.61245657910746,90.66024458284083,6.640667783765374,0.02846702848657384
0:00:29.633333,60.93191247525284,72.53755296896688,90.65289448616979,7.150321793281631,0.028426277411677983
0:00:29.666667,60.55465981373876,72.9187462971444,90.66769199362551,7.308529279998237,0.028412876993051273
0:00:29.700000,60.62677839702203,72.81203116059297,90.66769199362551,7.833058434642378,0.02827157419459119
0:00:29.733333,61.2267053855169,72.14677162535949,90.66024458284083,8.697484996861961,0.028194647378593427
0:00:29.766667,61.301731775768765,72.0265527896341,90.65289448616979,9.12088431225195,0.028091614257191207
0:00:29.800000,61.54583020163496,71.55424640406882,90.65289448616979,10.099451914308903,0.027908621073372986
0:00:29.833333,62.21769048017768,70.86579901119866,90.63847870499004,10.473326570490986,0.027885152178440908
0:00:29.866667,62.32169557302517,70.69977626023632,90.63847870499004,10.516249994057326,0.02786918725876198
0:00:29.900000,62.28088744045674,70.73323007471993,91.00603195809032,10.348825385194525,0.027845988745428627
0:00:29.933333,62.30410926362841,70.44540534498452,91.00603195809032,10.718165019115723,0.02761790275507415
0:00:29.966667,62.498829050669094,69.72489532991418,91.37346292611858,11.5882685410974,0.027376221888267414
0:00:30,62.729755690175175,69.18714006428573,91.37346292611858,12.397354809254697,0.026894086762334516
0:00:30.033333,63.10866882228832,68.46997407220009,91.72661825851682,13.710375358865058,0.02638348854185386
0:00:30.066667,63.33523105436146,68.10755936365302,91.72661825851682,14.35964088659585,0.025933223850359816
0:00:30.100000,63.56770224511096,67.80499395715051,91.74074115218224,15.027903506140023,0.025681144384056043
0:00:30.133333,63.61095582466816,67.62907887137888,92.09136838680548,15.23946307024407,0.02561002175133328
0:00:30.166667,63.57894888039814,67.85205968395483,92.09136838680548,15.283635226178696,0.02566412612508965
0:00:30.200000,63.60371407411785,67.95252332685385,91.74074115218224,15.507910435468425,0.02579918608196125
0:00:30.233333,63.56739062543477,68.36469164769085,91.75504718384035,14.959390049712836,0.02590661316470229
0:00:30.266667,63.66485442951969,68.34728195507738,91.75504718384035,14.950278757014548,0.025951866499179205
0:00:30.300000,63.956639382703216,68.2419640675182,91.38539010736321,14.96416483220955,0.026164139538298794
0:00:30.333333,64.24912823552836,67.99278496700637,91.74074115218224,15.028413478083198,0.02646546278982805
0:00:30.366667,64.99483505887832,67.24036651881711,91.71267501026264,15.222226312572147,0.027005696164206255
0:00:30.400000,65.24187301941885,67.4100831023713,91.68531391792037,15.52718025109382,0.02749853016040999
0:00:30.433333,65.06309571596789,67.53274535610716,91.3160611328344,15.561740617582242,0.027595721869700603
0:00:30.466667,64.81173020391687,67.25927341742867,91.65863164953578,15.786974212544438,0.02764252972192502
0:00:30.500000,64.43825442949225,67.10810408308157,92.36536119145967,16.016053616643205,0.027728971646798772
0:00:30.533333,64.38653985351922,67.10347499051096,92.36536119145967,15.926058343124994,0.028285278788022984
0:00:30.566667,64.15677882487138,66.4825072768449,92.36536119145967,17.933572267303134,0.028551223473106686
0:00:30.600000,63.76268571581318,66.28336147393219,92.7184132686788,19.724412754004465,0.028673751352537528
0:00:30.633333,62.081746704544734,67.56115393642213,92.79933442261147,20.185247744443735,0.02864985310520002
0:00:30.666667,61.838992103134615,67.67355390903778,92.82021099352512,20.201400706866554,0.028975098838269896
0:00:00,61.97615067358974,67.56046827961302,92.45590916930398,21.091975327239737,0.029088804731523216
0:00:00,62.10941713560487,67.39186479310852,92.82021099352512,22.146006480300134,0.02888750508545023
0:00:00,62.2358621148676,67.3157743419953,92.43733937031932,22.832354570411617,0.0291686616606634
0:00:00,62.401178147031686,67.24358583177563,92.79933442261147,22.581089993607776,0.02934687318336673
0:00:00,62.522083481672546,67.16362048057759,92.41900402716404,22.43110556471075,0.02964230327420852
0:00:00,62.549786538319815,67.22424980382131,92.41900402716404,22.121846358000774,0.029776884407527585
0:00:00,62.28065771946541,67.44314473526673,92.43733937031932,22.029202453505754,0.029097571299695077
0:00:00,61.87855907418652,67.96711861156216,92.45590916930398,21.073952528472176,0.028726048006295503
